-- phpMyAdmin SQL Dump
-- version 3.4.2
-- http://www.phpmyadmin.net
--
-- Host: localhost
-- Generation Time: Dec 30, 2011 at 04:14 PM
-- Server version: 5.1.49
-- PHP Version: 5.3.3-1ubuntu9.5

SET SQL_MODE="NO_AUTO_VALUE_ON_ZERO";
SET time_zone = "+00:00";


/*!40101 SET @OLD_CHARACTER_SET_CLIENT=@@CHARACTER_SET_CLIENT */;
/*!40101 SET @OLD_CHARACTER_SET_RESULTS=@@CHARACTER_SET_RESULTS */;
/*!40101 SET @OLD_COLLATION_CONNECTION=@@COLLATION_CONNECTION */;
/*!40101 SET NAMES utf8 */;

--
-- Database: `radius`
--

-- --------------------------------------------------------

--
-- Table structure for table `nas`
--

CREATE TABLE IF NOT EXISTS `nas` (
  `id` int(10) NOT NULL AUTO_INCREMENT,
  `nasname` varchar(128) NOT NULL,
  `shortname` varchar(32) DEFAULT NULL,
  `type` varchar(30) DEFAULT 'other',
  `ports` int(5) DEFAULT NULL,
  `secret` varchar(60) NOT NULL DEFAULT 'secret',
  `community` varchar(50) DEFAULT NULL,
  `description` varchar(200) DEFAULT 'RADIUS Client',
  `starospassword` varchar(32) NOT NULL,
  `ciscobwmode` tinyint(1) NOT NULL,
  `apiusername` varchar(32) NOT NULL,
  `apipassword` varchar(32) NOT NULL,
  `enableapi` tinyint(1) NOT NULL,
  PRIMARY KEY (`id`),
  KEY `nasname` (`nasname`)
) ENGINE=MyISAM  DEFAULT CHARSET=utf8 AUTO_INCREMENT=24 ;

--
-- Dumping data for table `nas`
--

INSERT INTO `nas` (`id`, `nasname`, `shortname`, `type`, `ports`, `secret`, `community`, `description`, `starospassword`, `ciscobwmode`, `apiusername`, `apipassword`, `enableapi`) VALUES
(19, '116.12.78.2', 'HotelA', '0', NULL, 'testing123', NULL, '', '', 0, 'api', '1111', 1),
(23, '203.143.39.90', 'ChayaBlue', '0', NULL, 'testing123', NULL, '', '', 0, '', '', 0),
(22, '127.0.0.1', 'Localhost', '0', NULL, 'testing123', NULL, '', '', 0, '', '', 0);

-- --------------------------------------------------------

--
-- Table structure for table `radacct`
--

CREATE TABLE IF NOT EXISTS `radacct` (
  `radacctid` bigint(21) NOT NULL AUTO_INCREMENT,
  `acctsessionid` varchar(64) NOT NULL DEFAULT '',
  `acctuniqueid` varchar(32) NOT NULL DEFAULT '',
  `username` varchar(64) NOT NULL DEFAULT '',
  `groupname` varchar(64) NOT NULL DEFAULT '',
  `realm` varchar(64) DEFAULT '',
  `nasipaddress` varchar(15) NOT NULL DEFAULT '',
  `nasportid` varchar(15) DEFAULT NULL,
  `nasporttype` varchar(32) DEFAULT NULL,
  `acctstarttime` datetime DEFAULT NULL,
  `acctstoptime` datetime DEFAULT NULL,
  `acctsessiontime` int(12) DEFAULT NULL,
  `acctauthentic` varchar(32) DEFAULT NULL,
  `connectinfo_start` varchar(50) DEFAULT NULL,
  `connectinfo_stop` varchar(50) DEFAULT NULL,
  `acctinputoctets` bigint(20) DEFAULT NULL,
  `acctoutputoctets` bigint(20) DEFAULT NULL,
  `calledstationid` varchar(50) NOT NULL DEFAULT '',
  `callingstationid` varchar(50) NOT NULL DEFAULT '',
  `acctterminatecause` varchar(32) NOT NULL DEFAULT '',
  `servicetype` varchar(32) DEFAULT NULL,
  `framedprotocol` varchar(32) DEFAULT NULL,
  `framedipaddress` varchar(15) NOT NULL DEFAULT '',
  `acctstartdelay` int(12) DEFAULT NULL,
  `acctstopdelay` int(12) DEFAULT NULL,
  `xascendsessionsvrkey` varchar(10) DEFAULT NULL,
  `_accttime` datetime DEFAULT NULL,
  `_srvid` int(11) DEFAULT NULL,
  `_dailynextsrvactive` tinyint(1) DEFAULT NULL,
  PRIMARY KEY (`radacctid`),
  KEY `username` (`username`),
  KEY `framedipaddress` (`framedipaddress`),
  KEY `acctsessionid` (`acctsessionid`),
  KEY `acctsessiontime` (`acctsessiontime`),
  KEY `acctuniqueid` (`acctuniqueid`),
  KEY `acctstarttime` (`acctstarttime`),
  KEY `acctstoptime` (`acctstoptime`),
  KEY `nasipaddress` (`nasipaddress`),
  KEY `_accttime` (`_accttime`)
) ENGINE=MyISAM  DEFAULT CHARSET=utf8 AUTO_INCREMENT=718 ;

--
-- Dumping data for table `radacct`
--

INSERT INTO `radacct` (`radacctid`, `acctsessionid`, `acctuniqueid`, `username`, `groupname`, `realm`, `nasipaddress`, `nasportid`, `nasporttype`, `acctstarttime`, `acctstoptime`, `acctsessiontime`, `acctauthentic`, `connectinfo_start`, `connectinfo_stop`, `acctinputoctets`, `acctoutputoctets`, `calledstationid`, `callingstationid`, `acctterminatecause`, `servicetype`, `framedprotocol`, `framedipaddress`, `acctstartdelay`, `acctstopdelay`, `xascendsessionsvrkey`, `_accttime`, `_srvid`, `_dailynextsrvactive`) VALUES
(2, '8140000a', 'bbc048e5317bc972', 'user', '', '', '116.12.78.2', '19', 'Virtual', '2011-06-02 09:30:53', '2011-06-02 09:32:30', 97, 'RADIUS', '', '', 3361, 150, '116.12.78.2', '93.87.185.156', 'User-Request', 'Framed-User', 'PPP', '192.168.20.6', 0, 0, NULL, '2011-06-02 09:34:49', NULL, NULL),
(3, '8140000b', '40ed1d3058bc2a5a', 'user', '', '', '116.12.78.2', '20', 'Virtual', '2011-06-02 09:32:35', '2011-06-02 09:32:54', 20, 'RADIUS', '', '', 3158, 150, '116.12.78.2', '93.87.185.156', 'User-Request', 'Framed-User', 'PPP', '192.168.20.6', 0, 0, '', '2011-06-02 09:34:49', NULL, NULL),
(4, '8140000c', 'eb7d73deb5243c74', 'user', '', '', '116.12.78.2', '21', 'Virtual', '2011-06-02 09:32:59', '2011-06-02 09:34:39', 0, 'RADIUS', '', '', 0, 0, '116.12.78.2', '93.87.185.156', '', 'Framed-User', 'PPP', '192.168.20.6', 0, 0, '', '2011-06-02 09:34:49', NULL, NULL),
(5, '8140000d', '0d9f9b93623262db', 'user', '', '', '116.12.78.2', '22', 'Virtual', '2011-06-02 09:34:43', '2011-06-02 09:34:52', 11, 'RADIUS', '', '', 1776, 192, '116.12.78.2', '93.87.185.156', 'User-Request', 'Framed-User', 'PPP', '192.168.20.6', 0, 0, '', '2011-06-02 09:34:49', NULL, NULL),
(6, '8140000e', '7a58b4641b2b3f74', 'user', '', '', '116.12.78.2', '23', 'Virtual', '2011-06-02 09:35:00', '2011-06-02 09:44:33', 480, 'RADIUS', '', '', 3361, 150, '116.12.78.2', '93.87.185.156', '', 'Framed-User', 'PPP', '192.168.20.6', 0, 0, '', '2011-06-02 09:35:04', NULL, NULL),
(7, '8140000f', '9890c7846c76723e', 'user', '', '', '116.12.78.2', '24', 'Virtual', '2011-06-02 09:44:41', '2011-06-02 09:45:14', 37, 'RADIUS', '', '', 3361, 150, '116.12.78.2', '93.87.185.156', 'User-Request', 'Framed-User', 'PPP', '192.168.20.6', 0, 0, '', '2011-06-02 09:44:41', 16, 0),
(242, '800000cb', 'c9064c71b04fe086', 'kavidu', '', '', '116.12.78.2', '2147483851', 'Wireless-802.11', '2011-07-12 11:15:25', '2011-07-12 11:18:41', 196, '', '', '', 2261, 7599, 'HotelA', '7C:C5:37:13:99:B7', 'Lost-Service', '', '', '192.168.20.7', 0, 0, '', '2011-07-12 11:15:25', 0, 0),
(41, '80f00000', '26509d5c7c969af1', 'tharindu', '', '', '116.12.78.2', '2163212288', 'Wireless-802.11', '2011-06-07 12:49:41', '2011-06-07 12:49:46', 5, '', '', '', 1263, 4060, 'hotspot1', '00:26:C6:7C:11:80', 'User-Request', '', '', '192.168.20.8', 0, 0, '', '2011-06-07 12:49:41', 16, 0),
(42, '80f00001', 'f23aebf1f3e6b43a', 'tharindu', '', '', '116.12.78.2', '2163212289', 'Wireless-802.11', '2011-06-07 13:10:00', '2011-06-07 13:10:03', 2, '', '', '', 1125, 3964, 'hotspot1', '00:14:A5:E9:40:76', 'User-Request', '', '', '192.168.20.7', 0, 0, '', '2011-06-07 13:10:00', 16, 0),
(43, '80f00003', 'a3a42b1081245276', 'tharindu', '', '', '116.12.78.2', '2163212291', 'Wireless-802.11', '2011-06-08 10:12:38', '2011-06-08 10:27:45', 907, '', '', '', 356900, 14382201, 'hotspot1', '00:14:A5:E9:40:76', 'Admin-Reset', '', '', '192.168.20.7', 0, 0, '', '2011-06-08 10:27:41', 16, 0),
(44, '80f00005', 'ab7edabf49c86fd5', 'tharindu', '', '', '116.12.78.2', '2163212293', 'Wireless-802.11', '2011-06-08 10:40:04', '2011-06-08 10:40:42', 38, '', '', '', 20027, 136652, 'hotspot1', '00:14:A5:E9:40:76', 'User-Request', '', '', '192.168.20.7', 0, 0, '', '2011-06-08 10:40:40', 16, 0),
(45, '80f00006', '03ac9f5eb12d1f75', 'Tharindu', '', '', '116.12.78.2', '2163212294', 'Wireless-802.11', '2011-06-08 10:47:53', '2011-06-08 10:49:03', 70, '', '', '', 7435, 37111, 'hotspot1', '00:14:A5:E9:40:76', 'User-Request', '', '', '192.168.20.7', 0, 0, '', '2011-06-08 10:48:58', 16, 0),
(46, '80f00007', '5df080c47374b66f', 'Tharindu', '', '', '116.12.78.2', '2163212295', 'Wireless-802.11', '2011-06-08 10:54:36', '2011-06-08 10:54:58', 22, '', '', '', 4953, 27383, 'hotspot1', '00:14:A5:E9:40:76', 'User-Request', '', '', '192.168.20.7', 0, 0, '', '2011-06-08 10:54:57', 16, 0),
(47, '80000001', 'a71be1d38bb74618', 'Tharindu', '', '', '116.12.78.2', '2147483649', 'Wireless-802.11', '2011-06-08 10:59:39', '2011-06-08 11:00:04', 25, '', '', '', 7714, 33068, 'hotspot1', '00:14:A5:E9:40:76', 'User-Request', '', '', '192.168.20.7', 0, 0, '', '2011-06-08 11:00:00', 16, 0),
(48, '80000002', '59c268bf1583c428', 'Tharindu', '', '', '116.12.78.2', '2147483650', 'Wireless-802.11', '2011-06-08 11:34:00', '2011-06-08 11:34:31', 31, '', '', '', 34362, 625859, 'HotelA', '00:14:A5:E9:40:76', 'User-Request', '', '', '192.168.20.7', 0, 0, '', '2011-06-08 11:34:30', 16, 0),
(49, '80000006', '945c43c4ec27e8b0', 'tharindu', '', '', '116.12.78.2', '2147483654', 'Wireless-802.11', '2011-06-09 11:49:16', '2011-06-09 11:49:41', 25, '', '', '', 20857, 259447, 'HotelA', '00:14:A5:E9:40:76', 'User-Request', '', '', '192.168.20.7', 0, 0, '', '2011-06-09 11:49:40', 16, 0),
(50, '80100000', '3cfe73232402ba61', 'tharindu', '', '', '116.12.78.2', '2148532224', 'Wireless-802.11', '2011-06-09 11:55:41', '2011-06-09 11:55:52', 11, '', '', '', 11388, 144731, 'HotelA', '00:14:A5:E9:40:76', 'User-Request', '', '', '192.168.20.7', 0, 0, '', '2011-06-09 11:55:51', 16, 0),
(51, '80300000', '514058b37ea8a4ac', 'tharindu', '', '', '116.12.78.2', '2150629376', 'Wireless-802.11', '2011-06-09 12:48:51', '2011-06-09 12:58:13', 562, '', '', '', 14463, 112187, 'HotelA', '00:14:A5:E9:40:76', 'Lost-Service', '', '', '192.168.20.7', 0, 0, '', '2011-06-09 12:58:08', 16, 0),
(52, '80400000', '2fab6334ebbcb49c', 'tharindu', '', '', '116.12.78.2', '2151677952', 'Wireless-802.11', '2011-06-13 11:15:33', '2011-06-13 11:15:48', 15, '', '', '', 12010, 85667, 'HotelA', '00:14:A5:E9:40:76', 'User-Request', '', '', '192.168.20.7', 0, 0, '', '2011-06-13 11:15:48', 16, 0),
(53, '80400001', 'a87ae64565c33f8c', 'tharindu', '', '', '116.12.78.2', '2151677953', 'Wireless-802.11', '2011-06-13 11:21:51', '2011-06-13 11:22:46', 55, '', '', '', 15308, 155326, 'HotelA', '00:14:A5:E9:40:76', 'Admin-Reset', '', '', '192.168.20.7', 0, 0, '', '2011-06-13 11:22:46', 16, 0),
(54, '80700000', 'c64308890813ac41', 'tharindu', '', '', '116.12.78.2', '2154823680', 'Wireless-802.11', '2011-06-13 16:46:37', '2011-06-13 16:46:53', 15, '', '', '', 15632, 132934, 'HotelA', '00:14:A5:E9:40:76', 'User-Request', '', '', '192.168.20.7', 0, 0, '', '2011-06-13 16:46:52', 16, 0),
(55, '80700001', 'a4a44644466ac2e5', 'tharindu', '', '', '116.12.78.2', '2154823681', 'Wireless-802.11', '2011-06-14 09:08:07', '2011-06-14 09:09:48', 102, '', '', '', 24854, 267681, 'HotelA', '00:14:A5:E9:40:76', 'Admin-Reset', '', '', '192.168.20.7', 0, 0, '', '2011-06-14 09:09:47', 16, 0),
(56, '80300003', '94ef18d8425757c3', 'tharindu', '', '', '116.12.78.7', '2150629379', 'Wireless-802.11', '2011-06-14 10:07:58', '2011-06-14 10:33:57', 1558, '', '', '', 37616, 170796, 'HotelB', '00:14:A5:E9:40:76', 'User-Request', '', '', '192.168.10.19', 0, 0, '', '2011-06-14 10:33:55', 16, 0),
(57, '80300004', '1e0ecfe98b951cb4', 'tharindu', '', '', '116.12.78.7', '2150629380', 'Wireless-802.11', '2011-06-14 10:35:03', '2011-06-14 10:46:38', 696, '', '', '', 21191, 200904, 'HotelB', '00:14:A5:E9:40:76', 'Admin-Reboot', '', '', '192.168.10.19', 0, 0, '', '2011-06-14 10:46:34', 16, 0),
(58, '80400000', 'c7a9e2970bee4051', 'tharindu', '', '', '116.12.78.7', '2151677952', 'Wireless-802.11', '2011-06-14 10:48:03', '2011-06-14 10:48:13', 10, '', '', '', 7117, 92936, 'HotelB', '00:14:A5:E9:40:76', 'Admin-Reset', '', '', '192.168.10.19', 0, 0, '', '2011-06-14 10:48:08', 16, 0),
(59, '80400001', 'c3a2b4faaf78f916', 'tharindu', '', '', '116.12.78.7', '2151677953', 'Wireless-802.11', '2011-06-14 10:50:28', '2011-06-14 10:50:52', 23, '', '', '', 3642, 15155, 'HotelB', '00:14:A5:E9:40:76', 'Admin-Reset', '', '', '192.168.10.19', 0, 0, '', '2011-06-14 10:50:48', 16, 0),
(60, '80400002', '2275fbd524599435', 'tharindu2', '', '', '116.12.78.7', '2151677954', 'Wireless-802.11', '2011-06-14 10:55:40', '2011-06-14 11:02:15', 395, '', '', '', 116520, 5306835, 'HotelB', '00:14:A5:E9:40:76', 'Admin-Reset', '', '', '192.168.10.19', 0, 0, '', '2011-06-14 11:02:14', 26, 0),
(61, '80600000', '0ecc84eda091f232', 'tharindu', '', '', '116.12.78.7', '2153775104', 'Wireless-802.11', '2011-06-14 13:35:50', '2011-06-14 13:39:54', 244, '', '', '', 60748, 870806, 'HotelB', '00:14:A5:E9:40:76', 'Admin-Reset', '', '', '192.168.10.19', 0, 0, '', '2011-06-14 13:39:53', 16, 0),
(62, '80700002', '53a8adabb00bb301', 'tharindu', '', '', '116.12.78.2', '2154823682', 'Wireless-802.11', '2011-06-14 15:10:31', '2011-06-14 15:12:28', 116, '', '', '', 4440, 26318, 'HotelA', '00:14:A5:E9:40:76', 'Admin-Reset', '', '', '192.168.20.7', 0, 0, '', '2011-06-14 15:12:24', 16, 0),
(63, '80600002', 'b90471231db042d7', 'tharindu', '', '', '116.12.78.7', '2153775106', 'Wireless-802.11', '2011-06-14 15:12:44', '2011-06-14 15:15:29', 165, '', '', '', 17111, 115317, 'HotelB', '00:14:A5:E9:40:76', 'Admin-Reset', '', '', '192.168.10.19', 0, 0, '', '2011-06-14 15:15:29', 16, 0),
(64, '80600003', '1c02a279dc6d57df', 'tharindu2', '', '', '116.12.78.7', '2153775107', 'Wireless-802.11', '2011-06-14 15:14:22', '2011-06-14 15:16:21', 119, '', '', '', 8000, 13068, 'HotelB', '00:26:C6:7C:11:80', 'Admin-Reset', '', '', '192.168.10.18', 0, 0, '', '2011-06-14 15:16:16', 16, 0),
(65, '80700003', 'cebffba02110ab01', 'tharindu', '', '', '116.12.78.2', '2154823683', 'Wireless-802.11', '2011-06-14 15:15:36', '2011-06-14 15:16:21', 45, '', '', '', 6377, 17031, 'HotelA', '00:14:A5:E9:40:76', 'Admin-Reset', '', '', '192.168.20.7', 0, 0, '', '2011-06-14 15:16:17', 16, 0),
(66, '80700004', '8b15efb6f29e9664', 'tharindu', '', '', '116.12.78.2', '2154823684', 'Wireless-802.11', '2011-06-14 15:17:01', '2011-06-14 15:17:14', 13, '', '', '', 4446, 18553, 'HotelA', '00:14:A5:E9:40:76', 'User-Request', '', '', '192.168.20.7', 0, 0, '', '2011-06-14 15:17:11', 16, 0),
(67, '80600004', 'bc8ca6753cff3e4e', 'tharindu', '', '', '116.12.78.7', '2153775108', 'Wireless-802.11', '2011-06-14 15:22:38', '2011-06-14 15:22:44', 6, '', '', '', 1125, 3965, 'HotelB', '00:14:A5:E9:40:76', 'User-Request', '', '', '192.168.10.19', 0, 0, '', '2011-06-14 15:22:44', 16, 0),
(68, '80600005', '65d33bb9d870e483', 'tharindu2', '', '', '116.12.78.7', '2153775109', 'Wireless-802.11', '2011-06-16 10:42:40', '2011-06-16 10:46:22', 222, '', '', '', 35772, 833249, 'HotelB', '00:14:A5:E9:40:76', 'User-Request', '', '', '192.168.10.19', 0, 0, '', '2011-06-16 10:46:19', 16, 0),
(69, '80700005', '038f874eb085bc81', 'tharindu', '', '', '116.12.78.2', '2154823685', 'Wireless-802.11', '2011-06-16 10:43:44', '2011-06-16 10:44:19', 36, '', '', '', 38962, 503310, 'HotelA', '00:26:C6:7C:11:80', 'User-Request', '', '', '192.168.20.8', 0, 0, '', '2011-06-16 10:44:19', 16, 0),
(70, '80600007', '1b7a889fcb2107d2', 'tharindu', '', '', '116.12.78.7', '2153775111', 'Wireless-802.11', '2011-06-16 14:22:00', '2011-06-16 14:25:41', 221, '', '', '', 23970, 480074, 'HotelB', '00:14:A5:E9:40:76', 'Admin-Reset', '', '', '192.168.10.19', 0, 0, '', '2011-06-16 14:25:37', 16, 0),
(71, '80600008', 'b549c1205a5b1c85', 'tharindu', '', '', '116.12.78.7', '2153775112', 'Wireless-802.11', '2011-06-16 14:26:00', '2011-06-16 14:30:34', 274, '', '', '', 14256, 70260, 'HotelB', '00:14:A5:E9:40:76', '', '', '', '192.168.10.19', 0, 0, '', '2011-06-16 14:30:33', 16, 0),
(198, '80e00907', '8b766a5a5439f283', 'kavidu', '', '', '116.12.78.2', '2162166023', 'Wireless-802.11', '2011-07-06 14:50:15', '2011-07-06 14:53:28', 194, '', '', '', 2872, 7550, 'HotelA', '7C:C5:37:13:99:B7', 'Lost-Service', '', '', '192.168.20.7', 0, 0, '', '2011-07-06 14:50:15', 0, 0),
(205, '80e0099d', '3eba6332e956ce76', 'tharindu', '', '', '116.12.78.2', '2162166173', 'Wireless-802.11', '2011-07-07 13:57:43', '2011-07-07 14:02:57', 314, '', '', '', 101160, 490765, 'HotelA', '00:23:76:8C:25:DA', 'Lost-Service', '', '', '192.168.20.4', 0, 0, '', '2011-07-07 13:57:43', 0, 0),
(194, '80e00900', 'acea8a4b31804838', 'kavidu', '', '', '116.12.78.2', '2162166016', 'Wireless-802.11', '2011-07-06 14:38:06', '2011-07-06 14:46:00', 473, '', '', '', 460534, 15625205, 'HotelA', '7C:C5:37:13:99:B7', 'Lost-Service', '', '', '192.168.20.7', 0, 0, '', '2011-07-06 14:38:06', 0, 0),
(203, '80e00983', '63cec11a4722cfaf', 'rukshan', '', '', '116.12.78.2', '2162166147', 'Wireless-802.11', '2011-07-07 10:13:49', '2011-07-07 10:31:30', 1061, '', '', '', 1996977, 98339691, 'HotelA', '98:03:D8:6A:C5:E3', 'Lost-Service', '', '', '192.168.20.9', 0, 0, '', '2011-07-07 10:23:49', 0, 0),
(200, '80e0090b', '16336329ba9aea87', 'kavidu', '', '', '116.12.78.2', '2162166027', 'Wireless-802.11', '2011-07-06 15:03:02', '2011-07-06 15:12:40', 577, '', '', '', 137250, 840743, 'HotelA', '7C:C5:37:13:99:B7', 'Lost-Service', '', '', '192.168.20.7', 0, 0, '', '2011-07-06 15:03:02', 0, 0),
(201, '80e00908', 'a6bbbc6213866cb4', '00:23:76:8C:25:DA', '', '', '116.12.78.2', '2162166024', 'Wireless-802.11', '2011-07-06 14:53:36', '2011-07-06 15:03:51', 615, '', '', '', 282378, 8804637, 'HotelA', '00:23:76:8C:25:DA', 'Admin-Reset', '', '', '192.168.20.4', 0, 0, '', '2011-07-06 15:03:36', 16, 0),
(215, '80f000a2', '0f251003d65779a0', 'tharindu', '', '', '116.12.78.2', '2163212450', 'Wireless-802.11', '2011-07-08 14:38:44', '2011-07-08 14:44:00', 316, '', '', '', 39125, 333947, 'HotelA', '00:23:76:8C:25:DA', 'Lost-Service', '', '', '192.168.20.4', 0, 0, '', '2011-07-08 14:43:59', 0, 0),
(411, '80200028', 'dda1a66acab153d8', 'rukshan', '', '', '116.12.78.2', '2149580840', 'Wireless-802.11', '2011-07-28 15:27:11', '2011-07-28 15:30:20', 189, '', '', '', 199292, 1842118, 'HotelA', '98:03:D8:6A:C5:E3', 'Admin-Reset', '', '', '192.168.20.8', 0, 0, '', '2011-07-28 15:30:37', NULL, NULL),
(362, '80900019', '49369b0f696a3b7b', 'kavidu', '', '', '116.12.78.7', '2156920857', 'Wireless-802.11', '2011-07-19 15:22:56', '2011-07-19 15:36:44', 828, '', '', '', 140005, 6284774, 'HotelB', '7C:C5:37:13:99:B7', 'Lost-Service', '', '', '192.168.10.12', 0, 0, '', '2011-07-19 15:36:42', 0, 0),
(390, '801007b4', '6992617b9fc7feec', 'kavidu', '', '', '116.12.78.2', '2148534196', 'Wireless-802.11', '2011-07-26 10:03:25', '2011-07-26 10:07:33', 248, '', '', '', 248151, 4170582, 'HotelA', '00:14:A5:E9:3F:43', 'User-Request', '', '', '192.168.20.4', 0, 0, '', '2011-07-26 10:07:33', 0, 0),
(392, '80100b50', 'e09e948d4cabe98e', 'kavidu', '', '', '116.12.78.2', '2148535120', 'Wireless-802.11', '2011-07-27 15:20:26', '2011-07-27 15:52:49', 1943, '', '', '', 938445, 31465351, 'HotelA', '7C:C5:37:13:99:B7', 'Lost-Service', '', '', '192.168.20.7', 0, 0, '', '2011-07-27 15:52:49', 0, 0),
(425, '80300007', '0ec5dd0feebe159f', 'tharindu', '', '', '116.12.78.2', '2150629383', 'Wireless-802.11', '2011-07-29 10:27:23', '2011-07-29 10:32:45', 322, '', '', '', 36620, 149416, 'HotelA', '00:26:C6:7C:11:80', 'Lost-Service', '', '', '192.168.20.3', 0, 0, '', '2011-07-29 10:32:35', 0, 0),
(426, '8030000a', 'ac0bdcdaa871e633', 'tharindu', '', '', '116.12.78.2', '2150629386', 'Wireless-802.11', '2011-07-29 10:52:34', '2011-07-29 10:57:50', 317, '', '', '', 34926, 96052, 'HotelA', '00:23:76:8C:25:DA', 'Lost-Service', '', '', '192.168.20.6', 0, 0, '', '2011-07-29 10:57:42', 0, 0),
(437, '80300024', 'c42b8e3e5503f770', 'tharindu', '', '', '116.12.78.2', '2150629412', 'Wireless-802.11', '2011-07-29 12:54:33', '2011-07-29 13:03:01', 508, '', '', '', 332461, 36022834, 'HotelA', '00:23:76:8C:25:DA', 'Lost-Service', '', '', '192.168.20.6', 0, 0, '', '2011-07-29 13:03:01', 0, 0),
(692, '80100005', 'cfa23755d2a56f90', 'tharindu', '', '', '116.12.78.83', '2148532229', 'Wireless-802.11', '2011-10-19 19:45:19', '2011-10-19 19:46:00', 41, '', '', '', 5976, 54352, 'main3', '00:25:56:6E:E4:C9', 'Lost-Service', '', '', '192.168.10.155', 0, 0, '', '2011-10-19 19:45:19', 17, 0),
(693, '80100006', '9495edff17efb4fd', 'tharindu', '', '', '116.12.78.83', '2148532230', 'Wireless-802.11', '2011-10-19 19:46:20', '2011-10-19 19:58:27', 727, '', '', '', 20199, 26148, 'main2', '00:25:56:6E:E4:C9', 'Lost-Service', '', '', '192.168.10.90', 0, 0, '', '2011-10-19 19:46:20', 17, 0),
(694, '80100007', '4b8dcccb844844bd', 'tharindu', '', '', '116.12.78.83', '2148532231', 'Wireless-802.11', '2011-10-19 19:58:48', '2011-10-19 19:59:44', 56, '', '', '', 5377, 19016, 'main3', '00:25:56:6E:E4:C9', 'Lost-Service', '', '', '192.168.10.155', 0, 0, '', '2011-10-19 19:58:48', 17, 0),
(695, '80100008', '68982688311ca261', 'tharindu', '', '', '116.12.78.83', '2148532232', 'Wireless-802.11', '2011-10-19 20:02:51', '2011-10-19 20:03:38', 47, '', '', '', 4806, 19545, 'main2', '00:25:56:6E:E4:C9', 'Lost-Service', '', '', '192.168.10.90', 0, 0, '', '2011-10-19 20:02:51', 17, 0),
(696, '80100009', '9eb5256a844e4b3f', 'tharindu', '', '', '116.12.78.83', '2148532233', 'Wireless-802.11', '2011-10-19 20:03:53', '2011-10-19 20:04:51', 58, '', '', '', 4727, 18742, 'server1', '00:25:56:6E:E4:C9', 'Lost-Service', '', '', '192.168.10.56', 0, 0, '', '2011-10-19 20:03:53', 17, 0),
(697, '8010000a', '8fb7c189a859a818', 'tharindu', '', '', '116.12.78.83', '2148532234', 'Wireless-802.11', '2011-10-19 20:05:07', '2011-10-19 20:05:44', 37, '', '', '', 6047, 20159, 'main2', '00:25:56:6E:E4:C9', 'Lost-Service', '', '', '192.168.10.89', 0, 0, '', '2011-10-19 20:05:07', 17, 0),
(698, '8010000b', 'cb2df3012604ffe9', 'tharindu', '', '', '116.12.78.83', '2148532235', 'Wireless-802.11', '2011-10-19 20:06:05', '2011-10-19 20:16:36', 631, '', '', '', 18070, 39398, 'main3', '00:25:56:6E:E4:C9', 'Lost-Service', '', '', '192.168.10.155', 0, 0, '', '2011-10-19 20:06:05', 17, 0),
(690, '80100001', '4b72343fda69be71', 'tharindu', '', '', '116.12.78.83', '2148532225', 'Wireless-802.11', '2011-10-19 19:25:37', '2011-10-19 19:26:30', 52, '', '', '', 5530, 19086, 'main2', '00:25:56:6E:E4:C9', 'Lost-Service', '', '', '192.168.10.90', 0, 0, '', '2011-10-19 19:25:37', 17, 0),
(688, '804011d2', '0344908c6296743d', 'kavidu', '', '', '116.12.78.2', '2151682514', 'Wireless-802.11', '2011-09-22 15:02:04', '2011-09-22 15:09:08', 424, '', '', '', 49153, 56484, 'HotelA', 'B8:FF:61:18:EC:DF', 'Lost-Service', '', '', '192.168.20.4', 0, 0, '', '2011-09-22 15:09:02', 0, 0),
(534, '804001c9', 'f57202607c08e040', 'tharindu2', '', '', '116.12.78.2', '2151678409', 'Wireless-802.11', '2011-08-03 16:30:41', '2011-08-03 16:34:37', 235, '', '', '', 11985, 236917, 'HotelA', '00:23:76:8C:25:DA', 'Lost-Service', '', '', '192.168.20.6', 0, 0, '', '2011-08-03 16:34:10', 0, 0),
(716, '80800003', '80e8742a9d6d5bfa', 'tharu', '', '', '203.143.39.90', '2155872259', 'Wireless-802.11', '2011-12-30 10:10:35', '2011-12-30 10:31:03', 1228, '', '', '', 612019, 11914118, 'chaya_blue', '00:25:56:6E:E4:C9', 'User-Request', '', '', '10.0.0.99', 0, 0, '', '2011-12-30 10:10:35', 0, 0),
(717, '80800004', '83c63b722eb39506', 'tharu', '', '', '203.143.39.90', '2155872260', 'Wireless-802.11', '2011-12-30 10:31:28', '2011-12-30 10:31:54', 25, '', '', '', 17330, 27769, 'chaya_blue', '00:25:56:6E:E4:C9', 'User-Request', '', '', '10.0.0.99', 0, 0, '', '2011-12-30 10:31:28', 0, 0),
(709, '80600002', '299846e23b796149', 'tharindu', '', '', '116.12.78.83', '2153775106', 'Wireless-802.11', '2011-10-27 12:54:24', '2011-10-27 12:56:42', 138, '', '', '', 15510, 78848, 'hs-ether2', 'D8:30:62:CE:13:F6', 'Lost-Service', '', '', '10.0.1.54', 0, 0, '', '2011-10-27 12:54:24', 17, 0),
(710, '80600003', '4bacec7c920b8209', 'tharindu', '', '', '116.12.78.83', '2153775107', 'Wireless-802.11', '2011-10-27 12:59:54', '2011-10-27 13:06:28', 393, '', '', '', 35706, 338114, 'hs-ether2', '98:03:D8:6A:C5:E3', 'Lost-Service', '', '', '10.0.1.53', 0, 0, '', '2011-10-27 12:59:54', 17, 0),
(711, '80a00000', '3f91e212cfd311f6', 'tharindu', '', '', '116.12.78.83', '2157969408', 'Wireless-802.11', '2011-10-27 14:28:28', '2011-10-27 14:32:10', 222, '', '', '', 15908, 150519, 'MainVlan2', 'D8:30:62:CE:13:F6', 'Lost-Carrier', '', '', '10.0.1.99', 0, 0, '', '2011-10-27 14:28:28', 17, 0),
(712, '80b00000', '841688be5d5dc2b3', 'tharindu', '', '', '116.12.78.83', '2159017984', 'Wireless-802.11', '2011-10-27 15:08:45', '2011-10-27 17:20:45', 7920, '', '', '', 343655, 3508253, 'hs-ether2', '00:E0:4C:03:14:0A', 'Lost-Service', '', '', '10.0.1.55', 0, 0, '', '2011-10-27 15:08:45', 17, 0),
(713, '80b00002', 'afc9a7ef0a99579e', 'tharindu2', '', '', '116.12.78.83', '2159017986', 'Wireless-802.11', '2011-10-27 15:35:11', '2011-10-27 15:43:01', 470, '', '', '', 19331, 192441, 'MainVlan2', 'D8:30:62:CE:13:F6', 'Lost-Service', '', '', '10.0.1.95', 0, 0, '', '2011-10-27 15:35:11', 0, 0),
(714, '80b00003', '41fdcc18986299db', 'tharindu', '', '', '116.12.78.83', '2159017987', 'Wireless-802.11', '2011-10-27 16:20:58', '2011-10-27 16:23:16', 138, '', '', '', 8727, 151666, 'hs-ether2', 'D8:30:62:CE:13:F6', 'Lost-Service', '', '', '10.0.1.50', 0, 0, '', '2011-10-27 16:20:58', 17, 0),
(715, '80800002', '617455bb9ec371b0', 'tharu', '', '', '203.143.39.90', '2155872258', 'Wireless-802.11', '2011-12-29 16:56:34', '2011-12-29 17:04:25', 471, '', '', '', 10512, 102800, 'chaya_blue', '00:25:56:6E:E4:C9', 'Lost-Service', '', '', '10.0.0.99', 0, 0, '', '2011-12-29 16:56:34', 0, 0),
(708, '80600001', '35663c841460756a', 'tharindu', '', '', '116.12.78.83', '2153775105', 'Wireless-802.11', '2011-10-27 12:53:43', '2011-10-27 12:54:14', 30, '', '', '', 17366, 157084, 'hs-ether2', 'D8:30:62:CE:13:F6', 'Admin-Reset', '', '', '10.0.1.54', 0, 0, '', '2011-10-27 12:53:43', 17, 0),
(707, '80600000', '0748361454d17e36', 'tharindu', '', '', '116.12.78.83', '2153775104', 'Wireless-802.11', '2011-10-27 12:48:30', '2011-10-27 12:52:06', 215, '', '', '', 37941, 740604, 'hs-ether2', 'D8:30:62:CE:13:F6', 'Admin-Reset', '', '', '10.0.1.54', 0, 0, '', '2011-10-27 12:48:30', 17, 0),
(706, '80300004', '5f4de62ebd05ee42', 'tharindu', '', '', '116.12.78.83', '2150629380', 'Wireless-802.11', '2011-10-27 10:49:08', '2011-10-27 11:04:48', 941, '', '', '', 210203, 805728, 'hs-ether2', '60:EB:69:84:7B:49', 'Lost-Service', '', '', '10.0.1.60', 0, 0, '', '2011-10-27 10:49:08', 17, 0),
(703, '80400001', '59429b84b2145995', 'tharindu', '', '', '116.12.78.83', '2151677953', 'Wireless-802.11', '2011-10-20 14:23:36', '2011-10-20 14:28:03', 267, '', '', '', 14197, 155110, 'main23', '00:25:56:6E:E4:C9', 'Lost-Service', '', '', '192.168.10.90', 0, 0, '', '2011-10-20 14:23:36', 17, 0),
(704, '80400002', '4d0540eda4d2d9ac', 'tharindu', '', '', '116.12.78.83', '2151677954', 'Wireless-802.11', '2011-10-20 14:30:40', '2011-10-20 14:36:14', 334, '', '', '', 22547, 114389, 'main23', '00:25:56:6E:E4:C9', 'Admin-Reboot', '', '', '192.168.10.89', 0, 0, '', '2011-10-20 14:30:40', 17, 0),
(705, '80500000', '82af2c1d17d6f753', 'tharindu', '', '', '116.12.78.83', '2152726528', 'Wireless-802.11', '2011-10-20 14:59:42', '2011-10-20 15:00:10', 0, '', '', '', 0, 0, 'server1', '00:25:56:6E:E4:C9', '', '', '', '192.168.10.54', 0, 0, '', '2011-10-20 14:59:42', 17, 0),
(699, '80100018', '8530f0d79930f6f2', 'tharindu', '', '', '116.12.78.83', '2148532248', 'Wireless-802.11', '2011-10-19 20:23:57', '2011-10-19 20:25:58', 122, '', '', '', 14648, 41318, 'main2', '00:25:56:6E:E4:C9', 'Lost-Service', '', '', '192.168.10.90', 0, 0, '', '2011-10-19 20:23:57', 17, 0),
(700, '80100019', 'b489662af1784b05', 'tharindu2', '', '', '116.12.78.83', '2148532249', 'Wireless-802.11', '2011-10-19 20:26:13', '2011-10-19 20:30:55', 282, '', '', '', 21065, 32921, 'main3', '00:25:56:6E:E4:C9', 'Lost-Service', '', '', '192.168.10.154', 0, 0, '', '2011-10-19 20:26:13', 0, 0),
(701, '80100020', '3931da3a76afacc3', 'tharindu', '', '', '116.12.78.83', '2148532256', 'Wireless-802.11', '2011-10-20 10:00:28', '2011-10-20 10:00:28', 0, '', '', '', 0, 0, 'server1', '00:25:56:6E:E4:C9', '', '', '', '192.168.10.56', 0, 0, '', '2011-10-20 10:00:28', 17, 0),
(702, '80400000', 'e91a7b5318ab9ba5', 'tharindu', '', '', '116.12.78.83', '2151677952', 'Wireless-802.11', '2011-10-20 13:42:08', '2011-10-20 13:49:31', 443, '', '', '', 7656, 25019, 'server1', '00:25:56:6E:E4:C9', 'Lost-Service', '', '', '192.168.10.55', 0, 0, '', '2011-10-20 13:42:08', 17, 0),
(646, '80400b45', '2252ab5a6bacff61', 'tharindu2', '', '', '116.12.78.2', '2151680837', 'Wireless-802.11', '2011-08-19 15:24:47', '2011-08-19 15:44:43', 1195, '', '', '', 64729, 387134, 'HotelA', 'B8:FF:61:18:EC:DF', 'Admin-Reset', '', '', '192.168.20.4', 0, 0, '', '2011-08-19 15:44:16', 0, 0),
(691, '80100002', '3583c5a810cc79ac', 'tharindu', '', '', '116.12.78.83', '2148532226', 'Wireless-802.11', '2011-10-19 19:27:16', '2011-10-19 19:27:16', 0, '', '', '', 0, 0, 'main3', '00:25:56:6E:E4:C9', '', '', '', '192.168.10.155', 0, 0, '', '2011-10-19 19:27:16', 17, 0),
(689, '80100000', '811bc977af03f50a', 'tharindu', '', '', '116.12.78.83', '2148532224', 'Wireless-802.11', '2011-10-19 19:15:46', '2011-10-19 19:25:25', 579, '', '', '', 27077, 162627, 'server1', '00:25:56:6E:E4:C9', 'Lost-Service', '', '', '192.168.10.56', 0, 0, '', '2011-10-19 19:15:46', 17, 0);

-- --------------------------------------------------------

--
-- Table structure for table `radcheck`
--

CREATE TABLE IF NOT EXISTS `radcheck` (
  `id` int(11) unsigned NOT NULL AUTO_INCREMENT,
  `username` varchar(64) NOT NULL DEFAULT '',
  `attribute` varchar(64) NOT NULL DEFAULT '',
  `op` char(2) NOT NULL DEFAULT '==',
  `value` varchar(253) NOT NULL DEFAULT '',
  PRIMARY KEY (`id`),
  KEY `username` (`username`)
) ENGINE=MyISAM  DEFAULT CHARSET=utf8 AUTO_INCREMENT=4983 ;

--
-- Dumping data for table `radcheck`
--

INSERT INTO `radcheck` (`id`, `username`, `attribute`, `op`, `value`) VALUES
(4208, 'user', 'Simultaneous-Use', ':=', '10'),
(4207, 'user', 'Cleartext-Password', ':=', '1111'),
(4209, 'tharindu', 'Cleartext-Password', ':=', 'tharu'),
(4210, 'tharindu', 'Simultaneous-Use', ':=', '1'),
(4211, 'tharindu2', 'Cleartext-Password', ':=', 'tharu2'),
(4212, 'tharindu2', 'Simultaneous-Use', ':=', '1'),
(4904, '0577', 'Simultaneous-Use', ':=', '1'),
(4903, '0577', 'Cleartext-Password', ':=', '5282'),
(4418, 'rukshan', 'Simultaneous-Use', ':=', '1'),
(4416, 'kavidu', 'Simultaneous-Use', ':=', '1'),
(4415, 'kavidu', 'Cleartext-Password', ':=', 'kavidu'),
(4969, '27055871', 'Cleartext-Password', ':=', '7823'),
(4967, '42878693', 'Cleartext-Password', ':=', '1806'),
(4980, 'cargils', 'Simultaneous-Use', ':=', '1'),
(4981, 'tharindu', 'Cleartext-Password', ':=', 'tttt'),
(4982, 'tharindu', 'Simultaneous-Use', ':=', '1'),
(4902, '7089', 'Simultaneous-Use', ':=', '1'),
(4796, '3379', 'Simultaneous-Use', ':=', '1'),
(4417, 'rukshan', 'Cleartext-Password', ':=', 'rukshan'),
(4968, '42878693', 'Simultaneous-Use', ':=', '1'),
(4243, 'registeraccount', 'Cleartext-Password', ':=', 'account'),
(4244, 'registeraccount', 'Simultaneous-Use', ':=', '1'),
(4963, '72098509', 'Cleartext-Password', ':=', '8048'),
(4795, '3379', 'Cleartext-Password', ':=', '0973'),
(4794, '7155', 'Simultaneous-Use', ':=', '1'),
(4793, '7155', 'Cleartext-Password', ':=', '8865'),
(4792, '4567', 'Simultaneous-Use', ':=', '1'),
(4791, '4567', 'Cleartext-Password', ':=', '6217'),
(4790, '6308', 'Simultaneous-Use', ':=', '1'),
(4789, '6308', 'Cleartext-Password', ':=', '2258'),
(4788, '3749', 'Simultaneous-Use', ':=', '1'),
(4787, '3749', 'Cleartext-Password', ':=', '1498'),
(4786, '0921', 'Simultaneous-Use', ':=', '1'),
(4785, '0921', 'Cleartext-Password', ':=', '0080'),
(4784, '7983', 'Simultaneous-Use', ':=', '1'),
(4783, '7983', 'Cleartext-Password', ':=', '6201'),
(4782, '8680', 'Simultaneous-Use', ':=', '1'),
(4781, '8680', 'Cleartext-Password', ':=', '4036'),
(4780, '3314', 'Simultaneous-Use', ':=', '1'),
(4779, '3314', 'Cleartext-Password', ':=', '2696'),
(4778, '3068', 'Simultaneous-Use', ':=', '1'),
(4777, '3068', 'Cleartext-Password', ':=', '1263'),
(4776, '8123', 'Simultaneous-Use', ':=', '1'),
(4775, '8123', 'Cleartext-Password', ':=', '8061'),
(4774, '6969', 'Simultaneous-Use', ':=', '1'),
(4773, '6969', 'Cleartext-Password', ':=', '6483'),
(4772, '2144', 'Simultaneous-Use', ':=', '1'),
(4771, '2144', 'Cleartext-Password', ':=', '4190'),
(4770, '8806', 'Simultaneous-Use', ':=', '1'),
(4493, 'tharu', 'Cleartext-Password', ':=', '1234'),
(4494, 'tharu', 'Simultaneous-Use', ':=', '8'),
(4799, '4854', 'Cleartext-Password', ':=', '0120'),
(4800, '4854', 'Simultaneous-Use', ':=', '1'),
(4801, '7491', 'Cleartext-Password', ':=', '2346'),
(4798, '2266', 'Simultaneous-Use', ':=', '1'),
(4471, 'time', 'Cleartext-Password', ':=', 'time'),
(4472, 'time', 'Simultaneous-Use', ':=', '1'),
(4966, '83239984', 'Simultaneous-Use', ':=', '1'),
(4965, '83239984', 'Cleartext-Password', ':=', '9383'),
(4979, 'cargils', 'Cleartext-Password', ':=', '1234'),
(4906, '3643', 'Simultaneous-Use', ':=', '1'),
(4905, '3643', 'Cleartext-Password', ':=', '1185'),
(4383, 'aa:Aa:aa:aa:aa', 'Cleartext-Password', '==', ''),
(4384, 'aa:Aa:aa:aa:aa', 'Simultaneous-Use', '==', '1'),
(4385, 'ab:Ab:ab:ab:ab', 'Cleartext-Password', '==', ''),
(4386, 'ab:Ab:ab:ab:ab', 'Simultaneous-Use', '==', '1'),
(4901, '7089', 'Cleartext-Password', ':=', '7425'),
(4900, '8446', 'Simultaneous-Use', ':=', '1'),
(4899, '8446', 'Cleartext-Password', ':=', '1402'),
(4890, '7006', 'Simultaneous-Use', ':=', '1'),
(4891, '0344', 'Cleartext-Password', ':=', '1251'),
(4892, '0344', 'Simultaneous-Use', ':=', '1'),
(4893, '1956', 'Cleartext-Password', ':=', '7808'),
(4894, '1956', 'Simultaneous-Use', ':=', '1'),
(4895, '0598', 'Cleartext-Password', ':=', '4306'),
(4896, '0598', 'Simultaneous-Use', ':=', '1'),
(4897, '4882', 'Cleartext-Password', ':=', '7785'),
(4898, '4882', 'Simultaneous-Use', ':=', '1'),
(4797, '2266', 'Cleartext-Password', ':=', '5981'),
(4767, '9538', 'Cleartext-Password', ':=', '6185'),
(4768, '9538', 'Simultaneous-Use', ':=', '1'),
(4769, '8806', 'Cleartext-Password', ':=', '4079'),
(4889, '7006', 'Cleartext-Password', ':=', '0238'),
(4888, '0110', 'Simultaneous-Use', ':=', '1'),
(4887, '0110', 'Cleartext-Password', ':=', '0288'),
(4886, '4519', 'Simultaneous-Use', ':=', '1'),
(4885, '4519', 'Cleartext-Password', ':=', '5754'),
(4884, '2333', 'Simultaneous-Use', ':=', '1'),
(4883, '2333', 'Cleartext-Password', ':=', '0468'),
(4882, '0800', 'Simultaneous-Use', ':=', '1'),
(4881, '0800', 'Cleartext-Password', ':=', '9064'),
(4880, '6693', 'Simultaneous-Use', ':=', '1'),
(4879, '6693', 'Cleartext-Password', ':=', '0552'),
(4878, '6431', 'Simultaneous-Use', ':=', '1'),
(4877, '6431', 'Cleartext-Password', ':=', '9601'),
(4876, '2282', 'Simultaneous-Use', ':=', '1'),
(4875, '2282', 'Cleartext-Password', ':=', '6349'),
(4874, '7838', 'Simultaneous-Use', ':=', '1'),
(4873, '7838', 'Cleartext-Password', ':=', '4899'),
(4872, '8490', 'Simultaneous-Use', ':=', '1'),
(4871, '8490', 'Cleartext-Password', ':=', '6561'),
(4870, '7630', 'Simultaneous-Use', ':=', '1'),
(4869, '7630', 'Cleartext-Password', ':=', '9936'),
(4868, '9732', 'Simultaneous-Use', ':=', '1'),
(4867, '9732', 'Cleartext-Password', ':=', '9775'),
(4866, '4391', 'Simultaneous-Use', ':=', '1'),
(4865, '4391', 'Cleartext-Password', ':=', '0388'),
(4864, '2470', 'Simultaneous-Use', ':=', '1'),
(4863, '2470', 'Cleartext-Password', ':=', '4730'),
(4862, '5079', 'Simultaneous-Use', ':=', '1'),
(4861, '5079', 'Cleartext-Password', ':=', '5721'),
(4860, '4400', 'Simultaneous-Use', ':=', '1'),
(4859, '4400', 'Cleartext-Password', ':=', '0051'),
(4858, '7863', 'Simultaneous-Use', ':=', '1'),
(4857, '7863', 'Cleartext-Password', ':=', '1705'),
(4856, '6072', 'Simultaneous-Use', ':=', '1'),
(4855, '6072', 'Cleartext-Password', ':=', '7462'),
(4854, '0001', 'Simultaneous-Use', ':=', '1'),
(4853, '0001', 'Cleartext-Password', ':=', '5461'),
(4852, '2636', 'Simultaneous-Use', ':=', '1'),
(4851, '2636', 'Cleartext-Password', ':=', '2752'),
(4850, '6360', 'Simultaneous-Use', ':=', '1'),
(4849, '6360', 'Cleartext-Password', ':=', '2847'),
(4848, '5455', 'Simultaneous-Use', ':=', '1'),
(4847, '5455', 'Cleartext-Password', ':=', '3558'),
(4846, '4676', 'Simultaneous-Use', ':=', '1'),
(4845, '4676', 'Cleartext-Password', ':=', '8007'),
(4844, '2702', 'Simultaneous-Use', ':=', '1'),
(4843, '2702', 'Cleartext-Password', ':=', '9665'),
(4842, '8708', 'Simultaneous-Use', ':=', '1'),
(4841, '8708', 'Cleartext-Password', ':=', '1169'),
(4840, '1794', 'Simultaneous-Use', ':=', '1'),
(4839, '1794', 'Cleartext-Password', ':=', '5622'),
(4838, '2071', 'Simultaneous-Use', ':=', '1'),
(4837, '2071', 'Cleartext-Password', ':=', '6916'),
(4836, '1606', 'Simultaneous-Use', ':=', '1'),
(4835, '1606', 'Cleartext-Password', ':=', '4357'),
(4834, '7544', 'Simultaneous-Use', ':=', '1'),
(4833, '7544', 'Cleartext-Password', ':=', '9325'),
(4832, '4724', 'Simultaneous-Use', ':=', '1'),
(4831, '4724', 'Cleartext-Password', ':=', '9373'),
(4830, '0267', 'Simultaneous-Use', ':=', '1'),
(4829, '0267', 'Cleartext-Password', ':=', '9531'),
(4828, '4547', 'Simultaneous-Use', ':=', '1'),
(4827, '4547', 'Cleartext-Password', ':=', '3830'),
(4826, '8380', 'Simultaneous-Use', ':=', '1'),
(4825, '8380', 'Cleartext-Password', ':=', '6472'),
(4824, '3571', 'Simultaneous-Use', ':=', '1'),
(4823, '3571', 'Cleartext-Password', ':=', '4896'),
(4822, '7422', 'Simultaneous-Use', ':=', '1'),
(4821, '7422', 'Cleartext-Password', ':=', '3139'),
(4820, '3874', 'Simultaneous-Use', ':=', '1'),
(4819, '3874', 'Cleartext-Password', ':=', '5491'),
(4818, '4133', 'Simultaneous-Use', ':=', '1'),
(4817, '4133', 'Cleartext-Password', ':=', '6014'),
(4816, '2545', 'Simultaneous-Use', ':=', '1'),
(4815, '2545', 'Cleartext-Password', ':=', '1865'),
(4814, '3590', 'Simultaneous-Use', ':=', '1'),
(4813, '3590', 'Cleartext-Password', ':=', '9109'),
(4812, '5630', 'Simultaneous-Use', ':=', '1'),
(4811, '5630', 'Cleartext-Password', ':=', '1591'),
(4810, '4042', 'Simultaneous-Use', ':=', '1'),
(4809, '4042', 'Cleartext-Password', ':=', '6468'),
(4808, '2198', 'Simultaneous-Use', ':=', '1'),
(4807, '2198', 'Cleartext-Password', ':=', '8176'),
(4806, '4312', 'Simultaneous-Use', ':=', '1'),
(4805, '4312', 'Cleartext-Password', ':=', '4779'),
(4804, '9343', 'Simultaneous-Use', ':=', '1'),
(4803, '9343', 'Cleartext-Password', ':=', '7018'),
(4802, '7491', 'Simultaneous-Use', ':=', '1'),
(4964, '72098509', 'Simultaneous-Use', ':=', '1'),
(4962, '40996811', 'Simultaneous-Use', ':=', '1'),
(4961, '40996811', 'Cleartext-Password', ':=', '7028'),
(4970, '27055871', 'Simultaneous-Use', ':=', '1'),
(4971, '8833', 'Cleartext-Password', ':=', '1745'),
(4972, '8833', 'Simultaneous-Use', ':=', '1'),
(4973, '4820', 'Cleartext-Password', ':=', '4412'),
(4974, '4820', 'Simultaneous-Use', ':=', '1'),
(4975, '1631', 'Cleartext-Password', ':=', '1419'),
(4976, '1631', 'Simultaneous-Use', ':=', '1');

-- --------------------------------------------------------

--
-- Table structure for table `radgroupcheck`
--

CREATE TABLE IF NOT EXISTS `radgroupcheck` (
  `id` int(11) unsigned NOT NULL AUTO_INCREMENT,
  `groupname` varchar(64) NOT NULL DEFAULT '',
  `attribute` varchar(64) NOT NULL DEFAULT '',
  `op` char(2) NOT NULL DEFAULT '==',
  `value` varchar(253) NOT NULL DEFAULT '',
  PRIMARY KEY (`id`),
  KEY `groupname` (`groupname`)
) ENGINE=MyISAM DEFAULT CHARSET=utf8 AUTO_INCREMENT=1 ;

-- --------------------------------------------------------

--
-- Table structure for table `radgroupreply`
--

CREATE TABLE IF NOT EXISTS `radgroupreply` (
  `id` int(11) unsigned NOT NULL AUTO_INCREMENT,
  `groupname` varchar(64) NOT NULL DEFAULT '',
  `attribute` varchar(64) NOT NULL DEFAULT '',
  `op` char(2) NOT NULL DEFAULT '=',
  `value` varchar(253) NOT NULL DEFAULT '',
  PRIMARY KEY (`id`),
  KEY `groupname` (`groupname`)
) ENGINE=MyISAM DEFAULT CHARSET=utf8 AUTO_INCREMENT=1 ;

-- --------------------------------------------------------

--
-- Table structure for table `radhotel`
--

CREATE TABLE IF NOT EXISTS `radhotel` (
  `nas_ip` varchar(100) COLLATE utf8_bin NOT NULL,
  `hotel_name` varchar(100) COLLATE utf8_bin NOT NULL,
  `total_uptime` float NOT NULL
) ENGINE=MyISAM DEFAULT CHARSET=utf8 COLLATE=utf8_bin;

--
-- Dumping data for table `radhotel`
--

INSERT INTO `radhotel` (`nas_ip`, `hotel_name`, `total_uptime`) VALUES
('116.12.78.2', 'HotelA', 5),
('116.12.78.7', 'HotelB', 10);

-- --------------------------------------------------------

--
-- Table structure for table `radpostauth`
--

CREATE TABLE IF NOT EXISTS `radpostauth` (
  `id` int(11) NOT NULL AUTO_INCREMENT,
  `username` varchar(64) NOT NULL DEFAULT '',
  `pass` varchar(64) NOT NULL DEFAULT '',
  `reply` varchar(32) NOT NULL DEFAULT '',
  `authdate` timestamp NOT NULL DEFAULT CURRENT_TIMESTAMP ON UPDATE CURRENT_TIMESTAMP,
  PRIMARY KEY (`id`)
) ENGINE=MyISAM  DEFAULT CHARSET=utf8 AUTO_INCREMENT=5 ;

--
-- Dumping data for table `radpostauth`
--

INSERT INTO `radpostauth` (`id`, `username`, `pass`, `reply`, `authdate`) VALUES
(1, 'user', '', 'Access-Accept', '2011-06-02 04:02:35'),
(2, 'user', '', 'Access-Accept', '2011-06-02 04:02:59'),
(3, 'user', '', 'Access-Accept', '2011-06-02 04:04:43'),
(4, 'user', '', 'Access-Accept', '2011-06-02 04:05:00');

-- --------------------------------------------------------

--
-- Table structure for table `radreply`
--

CREATE TABLE IF NOT EXISTS `radreply` (
  `id` int(11) unsigned NOT NULL AUTO_INCREMENT,
  `username` varchar(64) NOT NULL DEFAULT '',
  `attribute` varchar(64) NOT NULL DEFAULT '',
  `op` char(2) NOT NULL DEFAULT '=',
  `value` varchar(253) NOT NULL DEFAULT '',
  PRIMARY KEY (`id`),
  KEY `username` (`username`)
) ENGINE=MyISAM DEFAULT CHARSET=utf8 AUTO_INCREMENT=1 ;

-- --------------------------------------------------------

--
-- Table structure for table `radusergroup`
--

CREATE TABLE IF NOT EXISTS `radusergroup` (
  `username` varchar(64) NOT NULL DEFAULT '',
  `groupname` varchar(64) NOT NULL DEFAULT '',
  `priority` int(11) NOT NULL DEFAULT '1',
  KEY `username` (`username`)
) ENGINE=MyISAM DEFAULT CHARSET=utf8;

-- --------------------------------------------------------

--
-- Table structure for table `rm_actsrv`
--

CREATE TABLE IF NOT EXISTS `rm_actsrv` (
  `id` bigint(20) NOT NULL AUTO_INCREMENT,
  `datetime` datetime NOT NULL,
  `username` varchar(64) NOT NULL,
  `srvid` int(11) NOT NULL,
  `dailynextsrvactive` tinyint(1) NOT NULL,
  UNIQUE KEY `id` (`id`),
  KEY `datetime` (`datetime`),
  KEY `username` (`username`)
) ENGINE=MyISAM  DEFAULT CHARSET=utf8 AUTO_INCREMENT=744 ;

--
-- Dumping data for table `rm_actsrv`
--

INSERT INTO `rm_actsrv` (`id`, `datetime`, `username`, `srvid`, `dailynextsrvactive`) VALUES
(743, '2011-12-30 10:31:28', 'tharu', 0, 0),
(742, '2011-12-30 10:10:35', 'tharu', 0, 0),
(741, '2011-12-29 17:22:38', 'tharu', 0, 0),
(740, '2011-12-29 17:19:59', 'tharu', 0, 0),
(739, '2011-12-29 17:19:49', 'tharu', 0, 0),
(738, '2011-12-29 16:56:33', 'tharu', 0, 0),
(737, '2011-12-29 16:56:33', 'tharu', 0, 0);

-- --------------------------------------------------------

--
-- Table structure for table `rm_allowedmanagers`
--

CREATE TABLE IF NOT EXISTS `rm_allowedmanagers` (
  `srvid` int(11) NOT NULL,
  `managername` varchar(64) NOT NULL,
  KEY `srvid` (`srvid`),
  KEY `managername` (`managername`)
) ENGINE=MyISAM DEFAULT CHARSET=utf8;

--
-- Dumping data for table `rm_allowedmanagers`
--

INSERT INTO `rm_allowedmanagers` (`srvid`, `managername`) VALUES
(0, 'reseller1'),
(0, 'manager1'),
(2, 'admin'),
(2, 'manager1'),
(1, 'admin'),
(1, 'manager1'),
(4, 'admin'),
(4, 'manager1'),
(5, 'manager1'),
(5, 'admin'),
(28, 'reseller1'),
(27, 'admin'),
(16, 'reseller1'),
(16, 'manager1'),
(7, 'manager1'),
(7, 'admin'),
(8, 'manager1'),
(8, 'admin'),
(9, 'manager1'),
(9, 'admin'),
(10, 'admin'),
(10, 'manager1'),
(11, 'manager1'),
(11, 'admin'),
(12, 'admin'),
(12, 'manager1'),
(13, 'admin'),
(13, 'manager1'),
(14, 'admin'),
(14, 'manager1'),
(15, 'admin'),
(15, 'manager1'),
(17, 'admin'),
(17, 'manager1'),
(18, 'admin'),
(18, 'manager1'),
(19, 'manager1'),
(19, 'admin'),
(20, 'admin'),
(20, 'manager1'),
(21, 'admin'),
(21, 'manager1'),
(22, 'admin'),
(22, 'manager1'),
(23, 'reseller1'),
(23, 'manager1'),
(24, 'admin'),
(24, 'manager1'),
(25, 'admin'),
(25, 'manager1'),
(28, 'manager1'),
(28, 'admin'),
(0, 'admin'),
(1, 'reseller1'),
(2, 'reseller1'),
(3, 'reseller1'),
(4, 'reseller1'),
(5, 'reseller1'),
(7, 'reseller1'),
(8, 'reseller1'),
(9, 'reseller1'),
(10, 'reseller1'),
(11, 'reseller1'),
(12, 'reseller1'),
(13, 'reseller1'),
(14, 'reseller1'),
(15, 'reseller1'),
(16, 'admin'),
(17, 'reseller1'),
(18, 'reseller1'),
(19, 'reseller1'),
(20, 'reseller1'),
(21, 'reseller1'),
(22, 'reseller1'),
(23, 'admin'),
(24, 'reseller1'),
(25, 'reseller1'),
(26, 'admin'),
(29, 'admin'),
(30, 'admin'),
(30, 'manager1'),
(30, 'reseller1');

-- --------------------------------------------------------

--
-- Table structure for table `rm_allowednases`
--

CREATE TABLE IF NOT EXISTS `rm_allowednases` (
  `srvid` int(11) NOT NULL,
  `nasid` int(11) NOT NULL,
  KEY `srvid` (`srvid`),
  KEY `nasid` (`nasid`)
) ENGINE=MyISAM DEFAULT CHARSET=utf8;

--
-- Dumping data for table `rm_allowednases`
--

INSERT INTO `rm_allowednases` (`srvid`, `nasid`) VALUES
(25, 19),
(28, 23),
(24, 19),
(23, 19),
(27, 23),
(26, 23),
(22, 19),
(25, 23),
(21, 19),
(24, 23),
(20, 19),
(23, 23),
(19, 19),
(22, 23),
(18, 19),
(21, 23),
(17, 19),
(20, 23),
(16, 19),
(19, 23),
(15, 19),
(18, 23),
(14, 19),
(17, 23),
(13, 19),
(16, 23),
(12, 19),
(15, 23),
(11, 19),
(14, 23),
(10, 19),
(13, 23),
(9, 19),
(12, 23),
(8, 19),
(11, 23),
(7, 19),
(10, 23),
(5, 19),
(9, 23),
(4, 19),
(8, 23),
(3, 19),
(7, 23),
(2, 19),
(5, 23),
(1, 19),
(0, 19),
(4, 23),
(26, 19),
(3, 23),
(2, 23),
(30, 19),
(28, 19),
(1, 23),
(0, 23),
(30, 23),
(29, 23),
(0, 22),
(1, 22),
(2, 22),
(3, 22),
(4, 22),
(5, 22),
(7, 22),
(8, 22),
(9, 22),
(10, 22),
(11, 22),
(12, 22),
(13, 22),
(14, 22),
(15, 22),
(16, 22),
(17, 22),
(18, 22),
(19, 22),
(20, 22),
(21, 22),
(22, 22),
(23, 22),
(24, 22),
(25, 22),
(26, 22),
(27, 22),
(28, 22),
(29, 22),
(30, 22);

-- --------------------------------------------------------

--
-- Table structure for table `rm_cards`
--

CREATE TABLE IF NOT EXISTS `rm_cards` (
  `id` bigint(20) NOT NULL,
  `cardnum` varchar(16) NOT NULL,
  `password` varchar(8) NOT NULL,
  `value` decimal(22,2) NOT NULL,
  `expiration` date NOT NULL,
  `series` varchar(16) NOT NULL,
  `date` date NOT NULL,
  `owner` varchar(64) NOT NULL,
  `used` datetime NOT NULL,
  `cardtype` tinyint(1) NOT NULL,
  `revoked` tinyint(1) NOT NULL,
  `downlimit` bigint(20) NOT NULL,
  `uplimit` bigint(20) NOT NULL,
  `comblimit` bigint(20) NOT NULL,
  `uptimelimit` bigint(20) NOT NULL,
  `srvid` int(11) NOT NULL,
  `transid` varchar(32) NOT NULL,
  `active` tinyint(1) NOT NULL,
  `expiretime` bigint(20) NOT NULL,
  `timebaseexp` tinyint(1) NOT NULL,
  `timebaseonline` tinyint(1) NOT NULL,
  PRIMARY KEY (`id`),
  UNIQUE KEY `cardnum` (`cardnum`),
  KEY `series` (`series`),
  KEY `used` (`used`)
) ENGINE=MyISAM DEFAULT CHARSET=utf8;

--
-- Dumping data for table `rm_cards`
--

INSERT INTO `rm_cards` (`id`, `cardnum`, `password`, `value`, `expiration`, `series`, `date`, `owner`, `used`, `cardtype`, `revoked`, `downlimit`, `uplimit`, `comblimit`, `uptimelimit`, `srvid`, `transid`, `active`, `expiretime`, `timebaseexp`, `timebaseonline`) VALUES
(41, '5455', '3558', '1.00', '2012-08-31', '2011-0002', '2011-08-15', '', '0000-00-00 00:00:00', 0, 1, 0, 0, 0, 1, 27, '4e48ca880cf60', 0, 0, 0, 1),
(39, '2702', '9665', '1.00', '2012-08-31', '2011-0002', '2011-08-15', '', '0000-00-00 00:00:00', 0, 1, 0, 0, 0, 1, 27, '4e48ca880cf60', 0, 0, 0, 1),
(40, '4676', '8007', '1.00', '2012-08-31', '2011-0002', '2011-08-15', '', '0000-00-00 00:00:00', 0, 1, 0, 0, 0, 1, 27, '4e48ca880cf60', 0, 0, 0, 1),
(25, '2545', '1865', '1.00', '2012-08-31', '2011-0002', '2011-08-15', '', '0000-00-00 00:00:00', 0, 1, 0, 0, 0, 1, 27, '4e48ca880cf60', 0, 0, 0, 1),
(26, '4133', '6014', '1.00', '2012-08-31', '2011-0002', '2011-08-15', '', '0000-00-00 00:00:00', 0, 1, 0, 0, 0, 1, 27, '4e48ca880cf60', 0, 0, 0, 1),
(27, '3874', '5491', '1.00', '2012-08-31', '2011-0002', '2011-08-15', '', '0000-00-00 00:00:00', 0, 1, 0, 0, 0, 1, 27, '4e48ca880cf60', 0, 0, 0, 1),
(28, '7422', '3139', '1.00', '2012-08-31', '2011-0002', '2011-08-15', '', '0000-00-00 00:00:00', 0, 1, 0, 0, 0, 1, 27, '4e48ca880cf60', 0, 0, 0, 1),
(29, '3571', '4896', '1.00', '2012-08-31', '2011-0002', '2011-08-15', '', '0000-00-00 00:00:00', 0, 1, 0, 0, 0, 1, 27, '4e48ca880cf60', 0, 0, 0, 1),
(30, '8380', '6472', '1.00', '2012-08-31', '2011-0002', '2011-08-15', '', '0000-00-00 00:00:00', 0, 1, 0, 0, 0, 1, 27, '4e48ca880cf60', 0, 0, 0, 1),
(31, '4547', '3830', '1.00', '2012-08-31', '2011-0002', '2011-08-15', '', '0000-00-00 00:00:00', 0, 1, 0, 0, 0, 1, 27, '4e48ca880cf60', 0, 0, 0, 1),
(32, '0267', '9531', '1.00', '2012-08-31', '2011-0002', '2011-08-15', '', '0000-00-00 00:00:00', 0, 1, 0, 0, 0, 1, 27, '4e48ca880cf60', 0, 0, 0, 1),
(33, '4724', '9373', '1.00', '2012-08-31', '2011-0002', '2011-08-15', '', '0000-00-00 00:00:00', 0, 1, 0, 0, 0, 1, 27, '4e48ca880cf60', 0, 0, 0, 1),
(34, '7544', '9325', '1.00', '2012-08-31', '2011-0002', '2011-08-15', '', '0000-00-00 00:00:00', 0, 1, 0, 0, 0, 1, 27, '4e48ca880cf60', 0, 0, 0, 1),
(35, '1606', '4357', '1.00', '2012-08-31', '2011-0002', '2011-08-15', '', '0000-00-00 00:00:00', 0, 1, 0, 0, 0, 1, 27, '4e48ca880cf60', 0, 0, 0, 1),
(36, '2071', '6916', '1.00', '2012-08-31', '2011-0002', '2011-08-15', '', '0000-00-00 00:00:00', 0, 1, 0, 0, 0, 1, 27, '4e48ca880cf60', 0, 0, 0, 1),
(37, '1794', '5622', '1.00', '2012-08-31', '2011-0002', '2011-08-15', '', '0000-00-00 00:00:00', 0, 1, 0, 0, 0, 1, 27, '4e48ca880cf60', 0, 0, 0, 1),
(38, '8708', '1169', '1.00', '2012-08-31', '2011-0002', '2011-08-15', '', '0000-00-00 00:00:00', 0, 1, 0, 0, 0, 1, 27, '4e48ca880cf60', 0, 0, 0, 1),
(20, '4312', '4779', '1.00', '2011-08-27', '2011-0001', '2011-08-11', '', '0000-00-00 00:00:00', 0, 1, 0, 0, 0, 1, 27, '4e43922a1a307', 0, 0, 0, 1),
(21, '2198', '8176', '1.00', '2012-08-31', '2011-0002', '2011-08-15', '', '0000-00-00 00:00:00', 0, 1, 0, 0, 0, 1, 27, '4e48ca880cf60', 0, 0, 0, 1),
(22, '4042', '6468', '1.00', '2012-08-31', '2011-0002', '2011-08-15', '', '0000-00-00 00:00:00', 0, 1, 0, 0, 0, 1, 27, '4e48ca880cf60', 0, 0, 0, 1),
(23, '5630', '1591', '1.00', '2012-08-31', '2011-0002', '2011-08-15', '', '0000-00-00 00:00:00', 0, 1, 0, 0, 0, 1, 27, '4e48ca880cf60', 0, 0, 0, 1),
(24, '3590', '9109', '1.00', '2012-08-31', '2011-0002', '2011-08-15', '', '0000-00-00 00:00:00', 0, 1, 0, 0, 0, 1, 27, '4e48ca880cf60', 0, 0, 0, 1),
(17, '4854', '0120', '1.00', '2011-08-27', '2011-0001', '2011-08-11', '', '0000-00-00 00:00:00', 0, 1, 0, 0, 0, 1, 27, '4e43922a1a307', 0, 0, 0, 1),
(18, '7491', '2346', '1.00', '2011-08-27', '2011-0001', '2011-08-11', '', '0000-00-00 00:00:00', 0, 1, 0, 0, 0, 1, 27, '4e43922a1a307', 0, 0, 0, 1),
(19, '9343', '7018', '1.00', '2011-08-27', '2011-0001', '2011-08-11', '', '0000-00-00 00:00:00', 0, 1, 0, 0, 0, 1, 27, '4e43922a1a307', 1, 0, 0, 1),
(16, '2266', '5981', '1.00', '2011-08-27', '2011-0001', '2011-08-11', '', '0000-00-00 00:00:00', 0, 1, 0, 0, 0, 1, 27, '4e43922a1a307', 1, 0, 0, 1),
(12, '6308', '2258', '1.00', '2011-08-27', '2011-0001', '2011-08-11', '', '0000-00-00 00:00:00', 0, 1, 0, 0, 0, 1, 27, '4e43922a1a307', 0, 0, 0, 1),
(13, '4567', '6217', '1.00', '2011-08-27', '2011-0001', '2011-08-11', '', '0000-00-00 00:00:00', 0, 1, 0, 0, 0, 1, 27, '4e43922a1a307', 0, 0, 0, 1),
(14, '7155', '8865', '1.00', '2011-08-27', '2011-0001', '2011-08-11', '', '0000-00-00 00:00:00', 0, 1, 0, 0, 0, 1, 27, '4e43922a1a307', 0, 0, 0, 1),
(15, '3379', '0973', '1.00', '2011-08-27', '2011-0001', '2011-08-11', '', '0000-00-00 00:00:00', 0, 1, 0, 0, 0, 1, 27, '4e43922a1a307', 0, 0, 0, 1),
(11, '3749', '1498', '1.00', '2011-08-27', '2011-0001', '2011-08-11', '', '0000-00-00 00:00:00', 0, 1, 0, 0, 0, 1, 27, '4e43922a1a307', 0, 0, 0, 1),
(10, '0921', '0080', '1.00', '2011-08-27', '2011-0001', '2011-08-11', '', '0000-00-00 00:00:00', 0, 1, 0, 0, 0, 1, 27, '4e43922a1a307', 0, 0, 0, 1),
(9, '7983', '6201', '1.00', '2011-08-27', '2011-0001', '2011-08-11', '', '0000-00-00 00:00:00', 0, 1, 0, 0, 0, 1, 27, '4e43922a1a307', 0, 0, 0, 1),
(1, '9538', '6185', '1.00', '2011-08-27', '2011-0001', '2011-08-11', '', '0000-00-00 00:00:00', 0, 1, 0, 0, 0, 1, 27, '4e43922a1a307', 1, 0, 0, 1),
(2, '8806', '4079', '1.00', '2011-08-27', '2011-0001', '2011-08-11', '', '0000-00-00 00:00:00', 0, 1, 0, 0, 0, 1, 27, '4e43922a1a307', 0, 0, 0, 1),
(3, '2144', '4190', '1.00', '2011-08-27', '2011-0001', '2011-08-11', '', '0000-00-00 00:00:00', 0, 1, 0, 0, 0, 1, 27, '4e43922a1a307', 0, 0, 0, 1),
(4, '6969', '6483', '1.00', '2011-08-27', '2011-0001', '2011-08-11', '', '0000-00-00 00:00:00', 0, 1, 0, 0, 0, 1, 27, '4e43922a1a307', 0, 0, 0, 1),
(5, '8123', '8061', '1.00', '2011-08-27', '2011-0001', '2011-08-11', '', '0000-00-00 00:00:00', 0, 1, 0, 0, 0, 1, 27, '4e43922a1a307', 0, 0, 0, 1),
(6, '3068', '1263', '1.00', '2011-08-27', '2011-0001', '2011-08-11', '', '0000-00-00 00:00:00', 0, 1, 0, 0, 0, 1, 27, '4e43922a1a307', 0, 0, 0, 1),
(7, '3314', '2696', '1.00', '2011-08-27', '2011-0001', '2011-08-11', '', '0000-00-00 00:00:00', 0, 1, 0, 0, 0, 1, 27, '4e43922a1a307', 0, 0, 0, 1),
(8, '8680', '4036', '1.00', '2011-08-27', '2011-0001', '2011-08-11', '', '0000-00-00 00:00:00', 0, 1, 0, 0, 0, 1, 27, '4e43922a1a307', 0, 0, 0, 1),
(76, '8833', '1745', '2.00', '2011-08-26', '2011-0004', '2011-08-23', '', '0000-00-00 00:00:00', 0, 0, 0, 0, 0, 0, 23, '4e53520c71ffd', 1, 7, 2, 0),
(75, '27055871', '7823', '5.00', '2011-08-31', '2011-0003', '2011-08-23', '', '0000-00-00 00:00:00', 0, 0, 0, 0, 0, 0, 27, '4e534df0f382a', 0, 5, 2, 0),
(74, '42878693', '1806', '5.00', '2011-08-31', '2011-0003', '2011-08-23', '', '0000-00-00 00:00:00', 0, 0, 0, 0, 0, 0, 27, '4e534df0f382a', 0, 5, 2, 0),
(73, '83239984', '9383', '5.00', '2011-08-31', '2011-0003', '2011-08-23', '', '0000-00-00 00:00:00', 0, 0, 0, 0, 0, 0, 27, '4e534df0f382a', 0, 5, 2, 0),
(72, '72098509', '8048', '5.00', '2011-08-31', '2011-0003', '2011-08-23', '', '0000-00-00 00:00:00', 0, 0, 0, 0, 0, 0, 27, '4e534df0f382a', 0, 5, 2, 0),
(71, '40996811', '7028', '5.00', '2011-08-31', '2011-0003', '2011-08-23', '', '0000-00-00 00:00:00', 0, 0, 0, 0, 0, 0, 27, '4e534df0f382a', 0, 5, 2, 0),
(70, '3643', '1185', '1.00', '2012-08-31', '2011-0002', '2011-08-15', '', '0000-00-00 00:00:00', 0, 1, 0, 0, 0, 1, 27, '4e48ca880cf60', 0, 0, 0, 1),
(69, '0577', '5282', '1.00', '2012-08-31', '2011-0002', '2011-08-15', '', '0000-00-00 00:00:00', 0, 1, 0, 0, 0, 1, 27, '4e48ca880cf60', 0, 0, 0, 1),
(68, '7089', '7425', '1.00', '2012-08-31', '2011-0002', '2011-08-15', '', '0000-00-00 00:00:00', 0, 1, 0, 0, 0, 1, 27, '4e48ca880cf60', 0, 0, 0, 1),
(67, '8446', '1402', '1.00', '2012-08-31', '2011-0002', '2011-08-15', '', '0000-00-00 00:00:00', 0, 1, 0, 0, 0, 1, 27, '4e48ca880cf60', 0, 0, 0, 1),
(66, '4882', '7785', '1.00', '2012-08-31', '2011-0002', '2011-08-15', '', '0000-00-00 00:00:00', 0, 1, 0, 0, 0, 1, 27, '4e48ca880cf60', 0, 0, 0, 1),
(65, '0598', '4306', '1.00', '2012-08-31', '2011-0002', '2011-08-15', '', '0000-00-00 00:00:00', 0, 1, 0, 0, 0, 1, 27, '4e48ca880cf60', 0, 0, 0, 1),
(64, '1956', '7808', '1.00', '2012-08-31', '2011-0002', '2011-08-15', '', '0000-00-00 00:00:00', 0, 1, 0, 0, 0, 1, 27, '4e48ca880cf60', 0, 0, 0, 1),
(63, '0344', '1251', '1.00', '2012-08-31', '2011-0002', '2011-08-15', '', '0000-00-00 00:00:00', 0, 1, 0, 0, 0, 1, 27, '4e48ca880cf60', 0, 0, 0, 1),
(62, '7006', '0238', '1.00', '2012-08-31', '2011-0002', '2011-08-15', '', '0000-00-00 00:00:00', 0, 1, 0, 0, 0, 1, 27, '4e48ca880cf60', 0, 0, 0, 1),
(61, '0110', '0288', '1.00', '2012-08-31', '2011-0002', '2011-08-15', '', '0000-00-00 00:00:00', 0, 1, 0, 0, 0, 1, 27, '4e48ca880cf60', 0, 0, 0, 1),
(60, '4519', '5754', '1.00', '2012-08-31', '2011-0002', '2011-08-15', '', '0000-00-00 00:00:00', 0, 1, 0, 0, 0, 1, 27, '4e48ca880cf60', 0, 0, 0, 1),
(59, '2333', '0468', '1.00', '2012-08-31', '2011-0002', '2011-08-15', '', '0000-00-00 00:00:00', 0, 1, 0, 0, 0, 1, 27, '4e48ca880cf60', 0, 0, 0, 1),
(58, '0800', '9064', '1.00', '2012-08-31', '2011-0002', '2011-08-15', '', '0000-00-00 00:00:00', 0, 1, 0, 0, 0, 1, 27, '4e48ca880cf60', 0, 0, 0, 1),
(57, '6693', '0552', '1.00', '2012-08-31', '2011-0002', '2011-08-15', '', '0000-00-00 00:00:00', 0, 1, 0, 0, 0, 1, 27, '4e48ca880cf60', 0, 0, 0, 1),
(56, '6431', '9601', '1.00', '2012-08-31', '2011-0002', '2011-08-15', '', '0000-00-00 00:00:00', 0, 1, 0, 0, 0, 1, 27, '4e48ca880cf60', 0, 0, 0, 1),
(55, '2282', '6349', '1.00', '2012-08-31', '2011-0002', '2011-08-15', '', '0000-00-00 00:00:00', 0, 1, 0, 0, 0, 1, 27, '4e48ca880cf60', 0, 0, 0, 1),
(54, '7838', '4899', '1.00', '2012-08-31', '2011-0002', '2011-08-15', '', '0000-00-00 00:00:00', 0, 1, 0, 0, 0, 1, 27, '4e48ca880cf60', 0, 0, 0, 1),
(53, '8490', '6561', '1.00', '2012-08-31', '2011-0002', '2011-08-15', '', '0000-00-00 00:00:00', 0, 1, 0, 0, 0, 1, 27, '4e48ca880cf60', 0, 0, 0, 1),
(52, '7630', '9936', '1.00', '2012-08-31', '2011-0002', '2011-08-15', '', '0000-00-00 00:00:00', 0, 1, 0, 0, 0, 1, 27, '4e48ca880cf60', 0, 0, 0, 1),
(51, '9732', '9775', '1.00', '2012-08-31', '2011-0002', '2011-08-15', '', '0000-00-00 00:00:00', 0, 1, 0, 0, 0, 1, 27, '4e48ca880cf60', 0, 0, 0, 1),
(50, '4391', '0388', '1.00', '2012-08-31', '2011-0002', '2011-08-15', '', '0000-00-00 00:00:00', 0, 1, 0, 0, 0, 1, 27, '4e48ca880cf60', 0, 0, 0, 1),
(49, '2470', '4730', '1.00', '2012-08-31', '2011-0002', '2011-08-15', '', '0000-00-00 00:00:00', 0, 1, 0, 0, 0, 1, 27, '4e48ca880cf60', 0, 0, 0, 1),
(48, '5079', '5721', '1.00', '2012-08-31', '2011-0002', '2011-08-15', '', '0000-00-00 00:00:00', 0, 1, 0, 0, 0, 1, 27, '4e48ca880cf60', 0, 0, 0, 1),
(47, '4400', '0051', '1.00', '2012-08-31', '2011-0002', '2011-08-15', '', '0000-00-00 00:00:00', 0, 1, 0, 0, 0, 1, 27, '4e48ca880cf60', 0, 0, 0, 1),
(46, '7863', '1705', '1.00', '2012-08-31', '2011-0002', '2011-08-15', '', '0000-00-00 00:00:00', 0, 1, 0, 0, 0, 1, 27, '4e48ca880cf60', 0, 0, 0, 1),
(45, '6072', '7462', '1.00', '2012-08-31', '2011-0002', '2011-08-15', '', '0000-00-00 00:00:00', 0, 1, 0, 0, 0, 1, 27, '4e48ca880cf60', 0, 0, 0, 1),
(44, '0001', '5461', '1.00', '2012-08-31', '2011-0002', '2011-08-15', '', '0000-00-00 00:00:00', 0, 1, 0, 0, 0, 1, 27, '4e48ca880cf60', 0, 0, 0, 1),
(43, '2636', '2752', '1.00', '2012-08-31', '2011-0002', '2011-08-15', '', '0000-00-00 00:00:00', 0, 1, 0, 0, 0, 1, 27, '4e48ca880cf60', 0, 0, 0, 1),
(42, '6360', '2847', '1.00', '2012-08-31', '2011-0002', '2011-08-15', '', '0000-00-00 00:00:00', 0, 1, 0, 0, 0, 1, 27, '4e48ca880cf60', 0, 0, 0, 1),
(77, '4820', '4412', '0.00', '2011-08-27', '2011-0005', '2011-08-23', '', '0000-00-00 00:00:00', 0, 0, 0, 0, 0, 0, 23, '4e53534866137', 0, 1, 1, 0),
(78, '1631', '1419', '0.00', '2011-08-27', '2011-0006', '2011-08-23', '', '0000-00-00 00:00:00', 0, 0, 0, 0, 0, 0, 23, '4e53741b6e179', 0, 1, 3, 0);

-- --------------------------------------------------------

--
-- Table structure for table `rm_changesrv`
--

CREATE TABLE IF NOT EXISTS `rm_changesrv` (
  `id` int(11) NOT NULL AUTO_INCREMENT,
  `username` varchar(64) NOT NULL,
  `newsrvid` int(11) NOT NULL,
  `newsrvname` varchar(50) NOT NULL,
  `scheduledate` date NOT NULL,
  `requestdate` date NOT NULL,
  `status` tinyint(1) NOT NULL,
  `transid` varchar(32) NOT NULL,
  `requested` varchar(64) NOT NULL,
  PRIMARY KEY (`id`),
  KEY `requestdate` (`requestdate`),
  KEY `scheduledate` (`scheduledate`)
) ENGINE=MyISAM  DEFAULT CHARSET=utf8 AUTO_INCREMENT=81 ;

--
-- Dumping data for table `rm_changesrv`
--

INSERT INTO `rm_changesrv` (`id`, `username`, `newsrvid`, `newsrvname`, `scheduledate`, `requestdate`, `status`, `transid`, `requested`) VALUES
(1, 'user', 4, 'Prepaid MB dl+ul', '2011-06-02', '2011-06-02', 1, '', 'admin'),
(2, 'tharindu', 16, 'Prepaid MB', '2011-06-02', '2011-06-02', 1, '', 'admin'),
(3, 'tharindu2', 26, 'Tharindu Test', '2011-06-02', '2011-06-02', 1, '', 'admin'),
(45, 'tharindu2', 0, 'Default service', '2011-08-03', '2011-08-03', 1, '', 'admin'),
(44, '8048', 22, 'Card online time limit', '2011-08-01', '2011-08-01', 1, '', 'admin'),
(43, '8048', 14, 'IAS uptime limit', '2011-08-01', '2011-08-01', 1, '', 'admin'),
(31, 'kavidu', 0, 'Default service', '2011-07-06', '2011-07-06', 1, '', 'admin'),
(42, '8048', 23, 'Card expiration limit', '2011-08-01', '2011-08-01', 1, '', 'admin'),
(35, 'time', 26, 'Tharindu Test', '2011-07-18', '2011-07-18', 1, '', 'admin'),
(37, 'tharu', 0, 'Default service', '2011-07-28', '2011-07-28', 1, '', 'admin'),
(32, 'rukshan', 0, 'Default service', '2011-07-06', '2011-07-06', 1, '', 'admin'),
(39, 'tharindu', 17, 'Prepaid expiration & online time', '2011-08-01', '2011-08-01', 1, '', 'admin'),
(40, '9877', 22, 'Card online time limit', '2011-08-01', '2011-08-01', 1, '', 'admin'),
(41, '8048', 2, 'Card download limit 128 k', '2011-08-01', '2011-08-01', 1, '', 'admin'),
(33, 'tharindu', 0, 'Default service', '2011-07-06', '2011-07-06', 1, '', 'admin'),
(47, '3501', 2, 'Card download limit 128 k', '2011-08-11', '2011-08-11', 1, '', 'admin'),
(48, '3501', 28, 'HotelA service', '2011-08-11', '2011-08-11', 1, '', 'admin'),
(49, '2282', 2, 'Card download limit 128 k', '2011-08-15', '2011-08-15', 1, '', 'admin'),
(59, '9538', 22, 'Card online time limit', '2011-08-18', '2011-08-18', 1, '', 'admin'),
(74, '27055871', 28, 'HotelA service', '2011-08-23', '2011-08-23', 1, '', 'admin'),
(80, 'tharinduh', 0, 'Default service', '2011-12-28', '2011-12-28', 1, '', 'admin'),
(79, 'cargils', 0, 'Default service', '2011-12-23', '2011-12-23', 1, '', 'admin'),
(77, '27055871', 23, 'Card expiration limit', '2011-08-23', '2011-08-23', 1, '', 'admin');

-- --------------------------------------------------------

--
-- Table structure for table `rm_ias`
--

CREATE TABLE IF NOT EXISTS `rm_ias` (
  `iasid` int(11) NOT NULL AUTO_INCREMENT,
  `iasname` varchar(50) NOT NULL,
  `price` decimal(20,2) NOT NULL,
  `downlimit` bigint(20) NOT NULL,
  `uplimit` bigint(20) NOT NULL,
  `comblimit` bigint(20) NOT NULL,
  `uptimelimit` bigint(20) NOT NULL,
  `expiretime` bigint(20) NOT NULL,
  `timebaseonline` tinyint(1) NOT NULL,
  `timebaseexp` tinyint(1) NOT NULL,
  `srvid` int(11) NOT NULL,
  `enableias` tinyint(1) NOT NULL,
  `expiremode` tinyint(1) NOT NULL,
  `expiration` date NOT NULL,
  `simuse` int(11) NOT NULL,
  PRIMARY KEY (`iasid`)
) ENGINE=MyISAM  DEFAULT CHARSET=utf8 AUTO_INCREMENT=12 ;

--
-- Dumping data for table `rm_ias`
--

INSERT INTO `rm_ias` (`iasid`, `iasname`, `price`, `downlimit`, `uplimit`, `comblimit`, `uptimelimit`, `expiretime`, `timebaseonline`, `timebaseexp`, `srvid`, `enableias`, `expiremode`, `expiration`, `simuse`) VALUES
(3, '10 hours online time', '5.00', 0, 0, 0, 10, 0, 1, 0, 14, 1, 0, '2010-12-31', 1),
(2, '500 MB', '10.00', 500, 0, 0, 0, 0, 0, 0, 15, 1, 0, '2020-12-31', 1),
(4, '2 days', '5.00', 0, 0, 0, 0, 2, 0, 2, 13, 1, 1, '0000-00-00', 1),
(10, '15 minutes online time', '1.00', 0, 0, 0, 15, 0, 0, 0, 14, 1, 0, '2020-12-31', 1),
(11, 'tharindu', '2.00', 0, 0, 0, 5, 0, 0, 0, 22, 1, 0, '0000-00-00', 1);

-- --------------------------------------------------------

--
-- Table structure for table `rm_invoices`
--

CREATE TABLE IF NOT EXISTS `rm_invoices` (
  `id` int(11) NOT NULL AUTO_INCREMENT,
  `invgroup` tinyint(1) NOT NULL,
  `invnum` varchar(16) NOT NULL,
  `managername` varchar(64) NOT NULL,
  `username` varchar(64) NOT NULL,
  `date` date NOT NULL,
  `bytesdl` bigint(20) NOT NULL,
  `bytesul` bigint(20) NOT NULL,
  `bytescomb` bigint(20) NOT NULL,
  `downlimit` bigint(20) NOT NULL,
  `uplimit` bigint(20) NOT NULL,
  `comblimit` bigint(20) NOT NULL,
  `time` int(11) NOT NULL,
  `uptimelimit` bigint(20) NOT NULL,
  `days` int(6) NOT NULL,
  `expiration` date NOT NULL,
  `service` varchar(60) NOT NULL,
  `comment` varchar(200) NOT NULL,
  `transid` varchar(32) NOT NULL,
  `amount` decimal(13,2) NOT NULL,
  `address` varchar(50) NOT NULL,
  `city` varchar(50) NOT NULL,
  `zip` varchar(8) NOT NULL,
  `country` varchar(50) NOT NULL,
  `state` varchar(50) NOT NULL,
  `fullname` varchar(100) NOT NULL,
  `taxid` varchar(40) NOT NULL,
  `paymentopt` date NOT NULL,
  `invtype` tinyint(1) NOT NULL,
  `paymode` tinyint(4) NOT NULL,
  `paid` date NOT NULL,
  `price` decimal(25,6) NOT NULL,
  `tax` decimal(25,6) NOT NULL,
  `vatpercent` decimal(4,2) NOT NULL,
  `remark` varchar(400) NOT NULL,
  `balance` decimal(20,2) NOT NULL,
  `gwtransid` varchar(255) NOT NULL,
  `phone` varchar(15) NOT NULL,
  `mobile` varchar(15) NOT NULL,
  PRIMARY KEY (`id`),
  KEY `invnum` (`invnum`),
  KEY `username` (`username`),
  KEY `managername` (`managername`),
  KEY `date` (`date`),
  KEY `gwtransid` (`gwtransid`),
  KEY `comment` (`comment`),
  KEY `paymode` (`paymode`),
  KEY `invgroup` (`invgroup`)
) ENGINE=MyISAM  DEFAULT CHARSET=utf8 AUTO_INCREMENT=3 ;

--
-- Dumping data for table `rm_invoices`
--

INSERT INTO `rm_invoices` (`id`, `invgroup`, `invnum`, `managername`, `username`, `date`, `bytesdl`, `bytesul`, `bytescomb`, `downlimit`, `uplimit`, `comblimit`, `time`, `uptimelimit`, `days`, `expiration`, `service`, `comment`, `transid`, `amount`, `address`, `city`, `zip`, `country`, `state`, `fullname`, `taxid`, `paymentopt`, `invtype`, `paymode`, `paid`, `price`, `tax`, `vatpercent`, `remark`, `balance`, `gwtransid`, `phone`, `mobile`) VALUES
(1, 0, '2011-0001', 'admin', 'tharindu', '2011-06-17', 0, 0, 0, -31869721, -11133734, -82992058, 0, -24313, 0, '2011-06-02', 'Deposit', '', '4dfb2cd2484ea', '1.00', '', '', '', '', '', ' ', '', '2011-07-01', 0, 0, '2011-06-17', '84.033613', '15.966387', '19.00', '', '100.00', '', '', ''),
(2, 1, '', 'admin', 'admin', '2011-06-17', 0, 0, 0, 0, 0, 0, 0, 0, 0, '0000-00-00', 'Ref.: C-2011-0001', '', '4dfb2cd2484ea', '1.00', '', '', '', '', '', '', '', '2011-07-01', 0, 2, '0000-00-00', '-81.000000', '-19.000000', '19.00', '', '-380.00', '', '', '');

-- --------------------------------------------------------

--
-- Table structure for table `rm_managers`
--

CREATE TABLE IF NOT EXISTS `rm_managers` (
  `managername` varchar(64) NOT NULL,
  `password` varchar(32) NOT NULL,
  `firstname` varchar(50) NOT NULL,
  `lastname` varchar(50) NOT NULL,
  `phone` varchar(15) NOT NULL,
  `mobile` varchar(15) NOT NULL,
  `address` varchar(50) NOT NULL,
  `city` varchar(50) NOT NULL,
  `zip` varchar(8) NOT NULL,
  `country` varchar(50) NOT NULL,
  `state` varchar(50) NOT NULL,
  `comment` varchar(200) NOT NULL,
  `company` varchar(50) NOT NULL,
  `vatid` varchar(40) NOT NULL,
  `email` varchar(50) NOT NULL,
  `balance` decimal(20,2) NOT NULL,
  `perm_listusers` tinyint(1) NOT NULL,
  `perm_createusers` tinyint(1) NOT NULL,
  `perm_editusers` tinyint(1) NOT NULL,
  `perm_edituserspriv` tinyint(1) NOT NULL,
  `perm_deleteusers` tinyint(1) NOT NULL,
  `perm_listmanagers` tinyint(1) NOT NULL,
  `perm_createmanagers` tinyint(1) NOT NULL,
  `perm_editmanagers` tinyint(1) NOT NULL,
  `perm_deletemanagers` tinyint(1) NOT NULL,
  `perm_listservices` tinyint(1) NOT NULL,
  `perm_createservices` tinyint(1) NOT NULL,
  `perm_editservices` tinyint(1) NOT NULL,
  `perm_deleteservices` tinyint(1) NOT NULL,
  `perm_listonlineusers` tinyint(1) NOT NULL,
  `perm_listinvoices` tinyint(1) NOT NULL,
  `perm_trafficreport` tinyint(1) NOT NULL,
  `perm_addcredits` tinyint(1) NOT NULL,
  `perm_negbalance` tinyint(1) NOT NULL,
  `perm_listallinvoices` tinyint(1) NOT NULL,
  `perm_logout` tinyint(1) NOT NULL,
  `perm_cardsys` tinyint(1) NOT NULL,
  `perm_editinvoice` tinyint(1) NOT NULL,
  `perm_allusers` tinyint(1) NOT NULL,
  `perm_allowdiscount` tinyint(1) NOT NULL,
  `enablemanager` tinyint(1) NOT NULL,
  PRIMARY KEY (`managername`)
) ENGINE=MyISAM DEFAULT CHARSET=utf8;

--
-- Dumping data for table `rm_managers`
--

INSERT INTO `rm_managers` (`managername`, `password`, `firstname`, `lastname`, `phone`, `mobile`, `address`, `city`, `zip`, `country`, `state`, `comment`, `company`, `vatid`, `email`, `balance`, `perm_listusers`, `perm_createusers`, `perm_editusers`, `perm_edituserspriv`, `perm_deleteusers`, `perm_listmanagers`, `perm_createmanagers`, `perm_editmanagers`, `perm_deletemanagers`, `perm_listservices`, `perm_createservices`, `perm_editservices`, `perm_deleteservices`, `perm_listonlineusers`, `perm_listinvoices`, `perm_trafficreport`, `perm_addcredits`, `perm_negbalance`, `perm_listallinvoices`, `perm_logout`, `perm_cardsys`, `perm_editinvoice`, `perm_allusers`, `perm_allowdiscount`, `enablemanager`) VALUES
('admin', 'b59c67bf196a4758191e42f76670ceba', 'Default', 'Manager', '', '', '', '', '', '', '', 'Superuser', '', '', '', '-380.00', 1, 1, 1, 1, 1, 1, 1, 1, 1, 1, 1, 1, 1, 1, 1, 1, 1, 1, 1, 1, 1, 1, 1, 1, 1),
('manager1', 'b59c67bf196a4758191e42f76670ceba', 'John', 'Smith', '546-5122-5412', '594-441-4121', 'St. Anders Blvd 1654.', 'Smallville', '532321', '', 'Colorado', 'Reseller', 'My Wireless Inc.', '145121', 'john@mywirelessinc.com', '179.90', 1, 1, 1, 1, 1, 1, 1, 1, 1, 1, 1, 1, 1, 1, 1, 1, 1, 1, 1, 1, 1, 1, 1, 1, 1),
('reseller1', '95caed8e60e15871a6d12fe5505db2db', 'AAAA', 'BBBB', '', '', 'DDDD', 'EEE', '', '', '', '', 'CCCC', '', '', '0.00', 1, 1, 1, 0, 1, 1, 0, 0, 0, 1, 0, 0, 0, 1, 1, 1, 0, 1, 1, 0, 1, 1, 0, 0, 1);

-- --------------------------------------------------------

--
-- Table structure for table `rm_radacct`
--

CREATE TABLE IF NOT EXISTS `rm_radacct` (
  `radacctid` bigint(21) NOT NULL,
  `acctuniqueid` varchar(32) NOT NULL,
  `username` varchar(64) NOT NULL,
  `acctstarttime` datetime NOT NULL,
  `acctstoptime` datetime NOT NULL,
  `acctsessiontime` int(12) NOT NULL,
  `acctsessiontimeratio` decimal(3,2) NOT NULL,
  `dlbytesstart` bigint(20) NOT NULL,
  `dlbytesstop` bigint(20) NOT NULL,
  `dlbytes` bigint(20) NOT NULL,
  `dlratio` decimal(3,2) NOT NULL,
  `ulbytesstart` bigint(20) NOT NULL,
  `ulbytesstop` bigint(20) NOT NULL,
  `ulbytes` bigint(20) NOT NULL,
  `ulratio` decimal(3,2) NOT NULL,
  KEY `acctuniqueid` (`acctuniqueid`),
  KEY `username` (`username`),
  KEY `acctstarttime` (`acctstarttime`),
  KEY `acctstoptime` (`acctstoptime`),
  KEY `radacctid` (`radacctid`)
) ENGINE=MyISAM DEFAULT CHARSET=utf8;

--
-- Dumping data for table `rm_radacct`
--

INSERT INTO `rm_radacct` (`radacctid`, `acctuniqueid`, `username`, `acctstarttime`, `acctstoptime`, `acctsessiontime`, `acctsessiontimeratio`, `dlbytesstart`, `dlbytesstop`, `dlbytes`, `dlratio`, `ulbytesstart`, `ulbytesstop`, `ulbytes`, `ulratio`) VALUES
(7, '9890c7846c76723e', 'user', '2011-06-02 09:44:41', '2011-06-02 09:45:14', 17, '0.50', 0, 150, 75, '0.50', 0, 3361, 1681, '0.50'),
(9, 'c8ef5a96a06049cb', 'tharindu', '2011-06-02 10:12:03', '2011-06-02 10:22:59', 328, '0.50', 0, 21051142, 10525571, '0.50', 0, 498891, 249446, '0.50'),
(21, 'd8cb0930a19607ce', 'tharindu', '2011-06-02 14:57:23', '2011-06-02 17:32:40', 4659, '0.50', 0, 6410907, 3205454, '0.50', 0, 3374057, 1687029, '0.50'),
(22, 'd680131986dc9b97', 'tharindu', '2011-06-03 09:27:27', '2011-06-03 09:30:49', 101, '0.50', 0, 358113, 179057, '0.50', 0, 83670, 41835, '0.50'),
(23, 'c7cee516787e0a59', 'tharindu', '2011-06-03 09:31:10', '2011-06-03 09:34:47', 109, '0.50', 0, 30859, 15430, '0.50', 0, 17993, 8997, '0.50'),
(24, '95ec34b8eb15c375', 'tharindu', '2011-06-03 09:50:52', '2011-06-03 09:53:20', 74, '0.50', 0, 22794, 11397, '0.50', 0, 13731, 6866, '0.50'),
(27, '078d4035053d510d', 'tharindu', '2011-06-03 13:13:59', '2011-06-03 14:13:55', 1798, '0.50', 0, 11069716, 5534858, '0.50', 0, 625832, 312916, '0.50'),
(29, 'd9245e160e806203', 'tharindu', '2011-06-03 14:51:52', '2011-06-03 16:13:00', 2434, '0.50', 0, 409250, 204625, '0.50', 0, 193287, 96644, '0.50'),
(31, '84448ca43a501971', 'tharindu', '2011-06-06 10:56:48', '2011-06-06 11:04:29', 231, '0.50', 0, 16929757, 8464879, '0.50', 0, 8332931, 4166466, '0.50'),
(32, 'adedb696d6e7c76d', 'tharindu', '2011-06-06 11:04:43', '2011-06-06 11:08:40', 119, '0.50', 0, 1409440, 704720, '0.50', 0, 192421, 96211, '0.50'),
(33, '8d24774177ea388a', 'tharindu', '2011-06-06 11:08:57', '2011-06-06 11:56:00', 1412, '0.50', 0, 4024799, 2012400, '0.50', 0, 1459433, 729717, '0.50'),
(34, 'd42a8d84664229ea', 'tharindu', '2011-06-06 11:56:20', '2011-06-06 11:57:49', 45, '0.50', 0, 1052199, 526100, '0.50', 0, 316359, 158180, '0.50'),
(35, '5c6fcca3438eb7ea', 'tharindu', '2011-06-06 11:57:58', '2011-06-06 12:35:20', 1121, '0.50', 0, 60065708, 30032854, '0.50', 0, 4942562, 2471281, '0.50'),
(36, 'f6ec698cf1280cca', 'tharindu', '2011-06-06 12:51:28', '2011-06-06 13:32:45', 1239, '0.50', 0, 8572816, 4286408, '0.50', 0, 2425463, 1212732, '0.50'),
(37, '8e3c69e86aa547c8', 'tharindu', '2011-06-06 13:33:21', '2011-06-06 13:40:07', 203, '0.50', 0, 127177, 63589, '0.50', 0, 81813, 40907, '0.50'),
(38, 'b2f3c3b3258ab3e8', 'tharindu', '2011-06-06 13:45:16', '2011-06-06 13:48:06', 85, '0.50', 0, 2185377, 1092689, '0.50', 0, 69629, 34815, '0.50'),
(39, 'f01bfbc079706713', 'tharindu', '2011-06-06 14:07:09', '2011-06-06 14:09:06', 59, '0.50', 0, 617807, 308904, '0.50', 0, 87528, 43764, '0.50'),
(40, 'bf1082e350b45e14', 'tharindu', '2011-06-06 14:10:09', '2011-06-06 17:18:13', 5642, '0.50', 0, 14125249, 7062625, '0.50', 0, 2185744, 1092872, '0.50'),
(41, '26509d5c7c969af1', 'tharindu', '2011-06-07 12:49:41', '2011-06-07 12:49:46', 3, '0.50', 0, 4060, 2030, '0.50', 0, 1263, 632, '0.50'),
(42, 'f23aebf1f3e6b43a', 'tharindu', '2011-06-07 13:10:00', '2011-06-07 13:10:03', 2, '0.50', 0, 3964, 1982, '0.50', 0, 1125, 563, '0.50'),
(43, 'a3a42b1081245276', 'tharindu', '2011-06-08 10:12:38', '2011-06-08 10:27:45', 454, '0.50', 0, 14382201, 7191101, '0.50', 0, 356900, 178450, '0.50'),
(44, 'ab7edabf49c86fd5', 'tharindu', '2011-06-08 10:40:04', '2011-06-08 10:40:42', 19, '0.50', 0, 136652, 68326, '0.50', 0, 20027, 10014, '0.50'),
(45, '03ac9f5eb12d1f75', 'Tharindu', '2011-06-08 10:47:53', '2011-06-08 10:49:03', 35, '0.50', 0, 37111, 18556, '0.50', 0, 7435, 3718, '0.50'),
(46, '5df080c47374b66f', 'Tharindu', '2011-06-08 10:54:36', '2011-06-08 10:54:58', 11, '0.50', 0, 27383, 13692, '0.50', 0, 4953, 2477, '0.50'),
(47, 'a71be1d38bb74618', 'Tharindu', '2011-06-08 10:59:39', '2011-06-08 11:00:04', 13, '0.50', 0, 33068, 16534, '0.50', 0, 7714, 3857, '0.50'),
(48, '59c268bf1583c428', 'Tharindu', '2011-06-08 11:34:00', '2011-06-08 11:34:31', 16, '0.50', 0, 625859, 312930, '0.50', 0, 34362, 17181, '0.50'),
(49, '945c43c4ec27e8b0', 'tharindu', '2011-06-09 11:49:16', '2011-06-09 11:49:41', 13, '0.50', 0, 259447, 129724, '0.50', 0, 20857, 10429, '0.50'),
(50, '3cfe73232402ba61', 'tharindu', '2011-06-09 11:55:41', '2011-06-09 11:55:52', 6, '0.50', 0, 144731, 72366, '0.50', 0, 11388, 5694, '0.50'),
(51, '514058b37ea8a4ac', 'tharindu', '2011-06-09 12:48:51', '2011-06-09 12:58:13', 281, '0.50', 0, 112187, 56094, '0.50', 0, 14463, 7232, '0.50'),
(52, '2fab6334ebbcb49c', 'tharindu', '2011-06-13 11:15:33', '2011-06-13 11:15:48', 8, '0.50', 0, 85667, 42834, '0.50', 0, 12010, 6005, '0.50'),
(53, 'a87ae64565c33f8c', 'tharindu', '2011-06-13 11:21:51', '2011-06-13 11:22:46', 28, '0.50', 0, 155326, 77663, '0.50', 0, 15308, 7654, '0.50'),
(54, 'c64308890813ac41', 'tharindu', '2011-06-13 16:46:37', '2011-06-13 16:46:53', 8, '0.50', 0, 132934, 66467, '0.50', 0, 15632, 7816, '0.50'),
(55, 'a4a44644466ac2e5', 'tharindu', '2011-06-14 09:08:07', '2011-06-14 09:09:48', 51, '0.50', 0, 267681, 133841, '0.50', 0, 24854, 12427, '0.50'),
(56, '94ef18d8425757c3', 'tharindu', '2011-06-14 10:07:58', '2011-06-14 10:33:57', 780, '0.50', 0, 170796, 85398, '0.50', 0, 37616, 18808, '0.50'),
(57, '1e0ecfe98b951cb4', 'tharindu', '2011-06-14 10:35:03', '2011-06-14 10:46:38', 348, '0.50', 0, 200904, 100452, '0.50', 0, 21191, 10596, '0.50'),
(58, 'c7a9e2970bee4051', 'tharindu', '2011-06-14 10:48:03', '2011-06-14 10:48:13', 5, '0.50', 0, 92936, 46468, '0.50', 0, 7117, 3559, '0.50'),
(59, 'c3a2b4faaf78f916', 'tharindu', '2011-06-14 10:50:28', '2011-06-14 10:50:52', 12, '0.50', 0, 15155, 7578, '0.50', 0, 3642, 1821, '0.50'),
(61, '0ecc84eda091f232', 'tharindu', '2011-06-14 13:35:50', '2011-06-14 13:39:54', 122, '0.50', 0, 870806, 435403, '0.50', 0, 60748, 30374, '0.50'),
(62, '53a8adabb00bb301', 'tharindu', '2011-06-14 15:10:31', '2011-06-14 15:12:28', 59, '0.50', 0, 26318, 13159, '0.50', 0, 4440, 2220, '0.50'),
(63, 'b90471231db042d7', 'tharindu', '2011-06-14 15:12:44', '2011-06-14 15:15:29', 83, '0.50', 0, 115317, 57659, '0.50', 0, 17111, 8556, '0.50'),
(64, '1c02a279dc6d57df', 'tharindu2', '2011-06-14 15:14:22', '2011-06-14 15:16:21', 60, '0.50', 0, 13068, 6534, '0.50', 0, 8000, 4000, '0.50'),
(65, 'cebffba02110ab01', 'tharindu', '2011-06-14 15:15:36', '2011-06-14 15:16:21', 23, '0.50', 0, 17031, 8516, '0.50', 0, 6377, 3189, '0.50'),
(66, '8b15efb6f29e9664', 'tharindu', '2011-06-14 15:17:01', '2011-06-14 15:17:14', 7, '0.50', 0, 18553, 9277, '0.50', 0, 4446, 2223, '0.50'),
(67, 'bc8ca6753cff3e4e', 'tharindu', '2011-06-14 15:22:38', '2011-06-14 15:22:44', 3, '0.50', 0, 3965, 1983, '0.50', 0, 1125, 563, '0.50'),
(68, '65d33bb9d870e483', 'tharindu2', '2011-06-16 10:42:40', '2011-06-16 10:46:22', 111, '0.50', 0, 833249, 416625, '0.50', 0, 35772, 17886, '0.50'),
(69, '038f874eb085bc81', 'tharindu', '2011-06-16 10:43:44', '2011-06-16 10:44:19', 18, '0.50', 0, 503310, 251655, '0.50', 0, 38962, 19481, '0.50'),
(70, '1b7a889fcb2107d2', 'tharindu', '2011-06-16 14:22:00', '2011-06-16 14:25:41', 111, '0.50', 0, 480074, 240037, '0.50', 0, 23970, 11985, '0.50'),
(71, 'b549c1205a5b1c85', 'tharindu', '2011-06-16 14:26:00', '2011-06-16 14:30:59', 150, '0.50', 0, 70260, 35130, '0.50', 0, 14256, 7128, '0.50'),
(72, '0e80955407480989', 'tharindu', '2011-06-17 08:46:51', '2011-06-17 08:51:07', 128, '0.50', 0, 1721359, 860680, '0.50', 0, 127990, 63995, '0.50'),
(73, 'a691d0574559b2c5', 'tharindu', '2011-06-17 10:31:50', '2011-06-17 10:53:28', 649, '0.50', 0, 353957, 176979, '0.50', 0, 90717, 45359, '0.50'),
(74, '783dd1b25c88c90b', 'tharindu', '2011-06-17 10:55:27', '2011-06-17 11:02:00', 197, '0.50', 0, 58602, 29301, '0.50', 0, 56566, 28283, '0.50'),
(75, 'a07903ea8483949e', 'tharindu', '2011-06-17 11:02:06', '2011-06-17 11:12:41', 318, '0.50', 0, 117379, 58690, '0.50', 0, 25352, 12676, '0.50'),
(76, '6ffd476317b26b02', 'tharindu', '2011-06-17 11:12:46', '2011-06-17 11:13:18', 16, '0.50', 0, 4640, 2320, '0.50', 0, 2885, 1443, '0.50'),
(77, '39c58fc8b04a17d4', 'tharindu', '2011-06-17 11:26:52', '2011-06-17 11:26:59', 4, '0.50', 0, 4409, 2205, '0.50', 0, 2925, 1463, '0.50'),
(78, '46a002200c73de46', 'tharindu', '2011-06-17 11:31:46', '2011-06-17 11:32:19', 17, '0.50', 0, 4237, 2119, '0.50', 0, 2865, 1433, '0.50'),
(79, 'efb9859c0d79ea01', 'tharindu', '2011-06-17 11:37:16', '2011-06-17 11:37:30', 7, '0.50', 0, 19247, 9624, '0.50', 0, 10091, 5046, '0.50'),
(80, 'ed9a3bfec70bff19', 'tharindu', '2011-06-17 11:40:44', '2011-06-17 11:41:47', 32, '0.50', 0, 19596, 9798, '0.50', 0, 8855, 4428, '0.50'),
(81, 'c00f4699dee531d0', 'tharindu', '2011-06-17 11:43:15', '2011-06-17 11:46:13', 89, '0.50', 0, 97392, 48696, '0.50', 0, 21710, 10855, '0.50'),
(82, '17276b3fa3a91bb3', 'tharindu', '2011-06-17 11:47:13', '2011-06-17 11:47:45', 16, '0.50', 0, 4638, 2319, '0.50', 0, 2230, 1115, '0.50'),
(83, 'f8126cdbd324bdf1', 'tharindu', '2011-06-17 11:48:48', '2011-06-17 11:52:01', 97, '0.50', 0, 35429, 17715, '0.50', 0, 19135, 9568, '0.50'),
(84, 'e38cbe81b5660a7f', 'tharindu', '2011-06-17 11:53:49', '2011-06-17 11:55:53', 62, '0.50', 0, 21836, 10918, '0.50', 0, 18898, 9449, '0.50'),
(85, '8c6ebf5d1506f2d7', 'tharindu', '2011-06-17 11:56:39', '2011-06-17 11:58:13', 47, '0.50', 0, 7615, 3808, '0.50', 0, 4516, 2258, '0.50'),
(86, '7935615e43cc0028', 'tharindu', '2011-06-17 11:58:43', '2011-06-17 12:04:46', 182, '0.50', 0, 28619, 14310, '0.50', 0, 16634, 8317, '0.50'),
(87, '0d9e49dd56dfbc14', 'tharindu', '2011-06-17 12:05:18', '2011-06-17 12:08:35', 99, '0.50', 0, 1132586, 566293, '0.50', 0, 47184, 23592, '0.50'),
(88, 'd53d4fa7ecf5f46b', 'tharindu', '2011-06-17 14:40:15', '2011-06-17 14:40:26', 6, '0.50', 0, 40394, 20197, '0.50', 0, 12880, 6440, '0.50'),
(89, 'cb01b3a59e3f5009', 'tharindu', '2011-06-17 14:40:47', '2011-06-17 14:41:28', 21, '0.50', 0, 382331, 191166, '0.50', 0, 73192, 36596, '0.50'),
(90, 'e7456d6a18c2ea4d', 'tharindu', '2011-06-17 14:41:59', '2011-06-17 14:44:16', 69, '0.50', 0, 79423, 39712, '0.50', 0, 20577, 10289, '0.50'),
(91, 'cf6b4cfe6a8f068e', 'tharindu', '2011-06-20 08:55:33', '2011-06-20 09:01:21', 174, '0.50', 0, 20810485, 10405243, '0.50', 0, 1152766, 576383, '0.50'),
(92, '8f329640f5c36532', 'tharindu2', '2011-06-20 09:01:51', '2011-06-20 09:34:26', 978, '0.50', 0, 119567811, 59783906, '0.50', 0, 3975021, 1987511, '0.50'),
(93, '013513a7afdfcbbd', 'tharindu2', '2011-06-20 09:35:32', '2011-06-20 09:36:23', 26, '0.50', 0, 23991, 11996, '0.50', 0, 7529, 3765, '0.50'),
(94, '1be66439f0a201fa', 'tharindu2', '2011-06-20 09:49:43', '2011-06-20 09:56:34', 206, '0.50', 0, 91210, 45605, '0.50', 0, 25733, 12867, '0.50'),
(95, '17df68f4d356afc1', 'tharindu2', '2011-06-20 10:00:46', '2011-06-20 10:00:48', 1, '0.50', 0, 4735, 2368, '0.50', 0, 2414, 1207, '0.50'),
(96, '4cd7dac9cc4d35e7', 'tharindu2', '2011-06-20 10:04:32', '2011-06-20 10:04:35', 2, '0.50', 0, 4839, 2420, '0.50', 0, 2414, 1207, '0.50'),
(97, '7764fa8454da9f40', 'tharindu2', '2011-06-20 11:02:30', '2011-06-20 11:07:59', 165, '0.50', 0, 2308009, 1154005, '0.50', 0, 509844, 254922, '0.50'),
(98, '702e72f22171fe9c', 'tharindu2', '2011-06-20 11:42:03', '2011-06-20 11:42:26', 12, '0.50', 0, 32373, 16187, '0.50', 0, 14162, 7081, '0.50'),
(99, '5316dc82c3a8ddfa', 'tharindu2', '2011-06-20 11:44:08', '2011-06-20 11:44:16', 4, '0.50', 0, 16904, 8452, '0.50', 0, 9118, 4559, '0.50'),
(100, '2eaab233cb75f308', 'tharindu2', '2011-06-20 11:44:53', '2011-06-20 11:45:01', 4, '0.50', 0, 39840, 19920, '0.50', 0, 15156, 7578, '0.50'),
(101, 'e971e30dfed37438', 'tharindu2', '2011-06-20 11:47:52', '2011-06-20 12:01:16', 402, '0.50', 0, 380381, 190191, '0.50', 0, 178657, 89329, '0.50'),
(102, '724a34ab77b317ba', 'tharindu2', '2011-06-20 12:08:05', '2011-06-20 12:09:01', 28, '0.50', 0, 128144, 64072, '0.50', 0, 22898, 11449, '0.50'),
(103, 'a8b1a182b97a747b', 'tharindu2', '2011-06-20 12:55:48', '2011-06-20 12:56:07', 10, '0.50', 0, 25958, 12979, '0.50', 0, 8199, 4100, '0.50'),
(104, '2de3e5e3bfaf6532', 'tharindu2', '2011-06-20 13:55:32', '2011-06-20 13:55:43', 6, '0.50', 0, 30796, 15398, '0.50', 0, 11491, 5746, '0.50'),
(105, '4c1cc2e90e36a659', 'tharindu2', '2011-06-20 15:17:52', '2011-06-20 16:25:18', 2023, '0.50', 0, 326097, 163049, '0.50', 0, 165099, 82550, '0.50'),
(106, 'cf1603bcc5ee623a', 'tharindu2', '2011-06-20 16:54:28', '2011-06-20 16:58:26', 119, '0.50', 0, 1951504, 975752, '0.50', 0, 281846, 140923, '0.50'),
(107, 'd1faa08f0c88ef85', 'tharindu', '2011-06-21 08:39:11', '2011-06-21 08:39:21', 5, '0.50', 0, 172015, 86008, '0.50', 0, 16320, 8160, '0.50'),
(108, 'f87772a3698eba58', 'tharindu', '2011-06-21 09:49:04', '2011-06-21 09:49:18', 7, '0.50', 0, 35264, 17632, '0.50', 0, 9016, 4508, '0.50'),
(109, 'e65984196103f6ba', 'tharindu2', '2011-06-21 10:23:12', '2011-06-21 10:25:14', 61, '0.50', 0, 24552, 12276, '0.50', 0, 6621, 3311, '0.50'),
(110, '6c20311bd1ff2daa', 'tharindu', '2011-06-21 10:34:53', '2011-06-21 10:37:11', 69, '0.50', 0, 301585, 150793, '0.50', 0, 26716, 13358, '0.50'),
(111, 'a0a114ab4e38ca86', 'tharindu', '2011-06-22 12:08:20', '2011-06-22 12:08:51', 16, '0.50', 0, 175654, 87827, '0.50', 0, 15958, 7979, '0.50'),
(112, '3ba0efcb6e16851f', 'tharindu', '2011-06-22 12:13:23', '2011-06-22 12:13:39', 8, '0.50', 0, 18053, 9027, '0.50', 0, 9692, 4846, '0.50'),
(113, 'a090635a842c3b0d', 'tharindu', '2011-06-22 12:14:41', '2011-06-22 12:14:51', 5, '0.50', 0, 17373, 8687, '0.50', 0, 9219, 4610, '0.50'),
(114, '381670e5719e494f', 'tharindu', '2011-06-23 12:22:55', '2011-06-23 12:23:41', 23, '0.50', 0, 52511, 26256, '0.50', 0, 12283, 6142, '0.50'),
(121, '90210077a8883155', 'tharindu', '2011-06-23 15:32:08', '2011-06-23 15:32:25', 9, '0.50', 0, 14193, 7097, '0.50', 0, 7527, 3764, '0.50'),
(128, 'fbd5d21b43c94591', 'tharindu', '2011-06-23 16:34:25', '2011-06-23 16:34:46', 11, '0.50', 0, 18603, 9302, '0.50', 0, 10785, 5393, '0.50'),
(133, 'ea8e768317bec31a', 'tharindu', '2011-06-23 16:49:03', '2011-06-23 16:49:15', 6, '0.50', 0, 68621, 34311, '0.50', 0, 12772, 6386, '0.50'),
(136, 'e974e634d7d4b28c', '00:26:C6:7C:11:80', '2011-06-23 17:06:10', '2011-06-23 17:08:36', 73, '0.50', 0, 266985, 133493, '0.50', 0, 57054, 28527, '0.50'),
(138, '45f7b3e4795ee7c6', 'tharindu', '2011-06-24 08:50:40', '2011-06-24 09:30:00', 1180, '0.50', 0, 47724252, 23862126, '0.50', 0, 1489357, 744679, '0.50'),
(186, '7e7f10e63ae613d3', 'tharindu', '2011-07-04 12:14:22', '2011-07-04 12:19:29', 154, '0.50', 0, 208276, 104138, '0.50', 0, 24575, 12288, '0.50'),
(185, 'de45d74f8766e761', 'tharindu', '2011-07-04 12:10:48', '2011-07-04 12:14:04', 98, '0.50', 0, 101425, 50713, '0.50', 0, 17399, 8700, '0.50'),
(184, '2e0fc023ec1ae1f5', 'tharindu', '2011-07-04 12:01:48', '2011-07-04 12:08:29', 201, '0.50', 0, 5653103, 2826552, '0.50', 0, 150643, 75322, '0.50'),
(183, 'b44e4a105d0051ce', 'tharindu', '2011-07-04 11:57:14', '2011-07-04 11:58:50', 48, '0.50', 0, 840103, 420052, '0.50', 0, 31082, 15541, '0.50'),
(182, '67293a65f5bd8129', 'tharindu', '2011-07-04 10:54:57', '2011-07-04 10:55:07', 5, '0.50', 0, 164826, 82413, '0.50', 0, 14924, 7462, '0.50'),
(181, '36c6cc6497d40f5c', 'tharindu', '2011-06-29 16:29:03', '2011-06-29 17:18:24', 1481, '0.50', 0, 36363937, 18181969, '0.50', 0, 999769, 499885, '0.50'),
(180, '106cddfd8e1b1bd8', '00:23:76:8C:25:DA', '2011-06-29 12:15:08', '2011-06-29 12:17:16', 64, '0.50', 0, 141, 71, '0.50', 0, 429, 215, '0.50'),
(177, 'c70205bb9a710f97', '00:23:76:8C:25:DA', '2011-06-29 09:21:37', '2011-06-29 09:23:41', 62, '0.50', 0, 52, 26, '0.50', 0, 340, 170, '0.50'),
(171, '17e9b14ce08cf5f3', 'tharindu', '2011-06-27 14:47:54', '2011-06-27 14:49:08', 37, '0.50', 0, 14283, 7142, '0.50', 0, 7629, 3815, '0.50'),
(160, '26f8ed2915798bb1', 'tharindu', '2011-06-27 10:51:45', '2011-06-27 10:54:50', 93, '0.50', 0, 169631, 84816, '0.50', 0, 44797, 22399, '0.50'),
(187, '480a5b5c1847a592', 'tharindu', '2011-07-04 12:19:42', '2011-07-04 12:21:30', 54, '0.50', 0, 322827, 161414, '0.50', 0, 36467, 18234, '0.50'),
(188, '05b970580b6fb06a', 'tharindu', '2011-07-04 12:21:52', '2011-07-04 12:35:50', 419, '0.50', 0, 87073, 43537, '0.50', 0, 30985, 15493, '0.50'),
(189, 'ea43a19ffd0eb657', 'tharindu', '2011-07-04 16:17:59', '2011-07-04 16:18:38', 20, '0.50', 0, 67167, 33584, '0.50', 0, 12756, 6378, '0.50'),
(190, '0effe61c454dd953', '00:23:76:8C:25:DA', '2011-07-05 09:50:52', '2011-07-05 09:58:39', 234, '0.50', 0, 479599, 239800, '0.50', 0, 72589, 36295, '0.50'),
(191, 'aa5cd32ef7074408', '00:23:76:8C:25:DA', '2011-07-05 12:04:05', '2011-07-05 12:07:10', 93, '0.50', 0, 52, 26, '0.50', 0, 52, 26, '0.50'),
(192, '218aa52f0c15ac97', 'tharindu', '2011-07-06 09:39:15', '2011-07-06 10:40:12', 1829, '0.50', 0, 25753430, 12876715, '0.50', 0, 703427, 351714, '0.50'),
(193, 'af90d4e29547429f', 'tharindu', '2011-07-06 10:40:32', '2011-07-06 10:40:32', 0, '0.50', 0, 0, 0, '0.50', 0, 0, 0, '0.50'),
(196, '40c345b67744bd10', '00:23:76:8C:25:DA', '2011-07-06 14:42:55', '2011-07-06 14:48:34', 170, '0.50', 0, 3512174, 1756087, '0.50', 0, 97038, 48519, '0.50'),
(197, '7650554d3956ea02', '00:23:76:8C:25:DA', '2011-07-06 14:49:22', '2011-07-06 14:51:22', 60, '0.50', 0, 0, 0, '0.50', 0, 0, 0, '0.50'),
(199, 'a6bbbc6213866cb4', '00:23:76:8C:25:DA', '2011-07-06 14:53:36', '2011-07-06 15:03:51', 308, '0.50', 0, 8804637, 4402319, '0.50', 0, 282378, 141189, '0.50');

-- --------------------------------------------------------

--
-- Table structure for table `rm_services`
--

CREATE TABLE IF NOT EXISTS `rm_services` (
  `srvid` int(11) NOT NULL,
  `srvname` varchar(50) NOT NULL,
  `downrate` int(11) NOT NULL,
  `uprate` int(11) NOT NULL,
  `limitdl` tinyint(1) NOT NULL,
  `limitul` tinyint(1) NOT NULL,
  `limitcomb` tinyint(1) NOT NULL,
  `limitexpiration` tinyint(1) NOT NULL,
  `limituptime` tinyint(1) NOT NULL,
  `poolname` varchar(50) NOT NULL,
  `unitprice` decimal(25,6) NOT NULL,
  `unitpriceadd` decimal(25,6) NOT NULL,
  `timebaseexp` tinyint(1) NOT NULL,
  `timebaseonline` tinyint(1) NOT NULL,
  `timeunitexp` int(11) NOT NULL,
  `timeunitonline` int(11) NOT NULL,
  `trafficunitdl` int(11) NOT NULL,
  `trafficunitul` int(11) NOT NULL,
  `trafficunitcomb` int(11) NOT NULL,
  `inittimeexp` int(11) NOT NULL,
  `inittimeonline` int(11) NOT NULL,
  `initdl` int(11) NOT NULL,
  `initul` int(11) NOT NULL,
  `inittotal` int(11) NOT NULL,
  `srvtype` tinyint(1) NOT NULL,
  `timeaddmodeexp` tinyint(1) NOT NULL,
  `timeaddmodeonline` tinyint(1) NOT NULL,
  `trafficaddmode` tinyint(1) NOT NULL,
  `monthly` tinyint(1) NOT NULL,
  `enaddcredits` tinyint(1) NOT NULL,
  `minamount` int(20) NOT NULL,
  `minamountadd` int(20) NOT NULL,
  `resetcounters` tinyint(1) NOT NULL,
  `pricecalcdownload` tinyint(1) NOT NULL,
  `pricecalcupload` tinyint(1) NOT NULL,
  `pricecalcuptime` tinyint(1) NOT NULL,
  `unitpricetax` decimal(25,6) NOT NULL,
  `unitpriceaddtax` decimal(25,6) NOT NULL,
  `enableburst` tinyint(1) NOT NULL,
  `dlburstlimit` int(11) NOT NULL,
  `ulburstlimit` int(11) NOT NULL,
  `dlburstthreshold` int(11) NOT NULL,
  `ulburstthreshold` int(11) NOT NULL,
  `dlbursttime` int(11) NOT NULL,
  `ulbursttime` int(11) NOT NULL,
  `enableservice` int(11) NOT NULL,
  `dlquota` bigint(20) NOT NULL,
  `ulquota` bigint(20) NOT NULL,
  `combquota` bigint(20) NOT NULL,
  `timequota` bigint(20) NOT NULL,
  `priority` smallint(6) NOT NULL,
  `nextsrvid` int(11) NOT NULL,
  `dailynextsrvid` int(11) NOT NULL,
  `availucp` tinyint(1) NOT NULL,
  `renew` tinyint(1) NOT NULL,
  `policymapdl` varchar(50) NOT NULL,
  `policymapul` varchar(50) NOT NULL,
  `custattr` varchar(255) NOT NULL,
  PRIMARY KEY (`srvid`)
) ENGINE=MyISAM DEFAULT CHARSET=utf8;

--
-- Dumping data for table `rm_services`
--

INSERT INTO `rm_services` (`srvid`, `srvname`, `downrate`, `uprate`, `limitdl`, `limitul`, `limitcomb`, `limitexpiration`, `limituptime`, `poolname`, `unitprice`, `unitpriceadd`, `timebaseexp`, `timebaseonline`, `timeunitexp`, `timeunitonline`, `trafficunitdl`, `trafficunitul`, `trafficunitcomb`, `inittimeexp`, `inittimeonline`, `initdl`, `initul`, `inittotal`, `srvtype`, `timeaddmodeexp`, `timeaddmodeonline`, `trafficaddmode`, `monthly`, `enaddcredits`, `minamount`, `minamountadd`, `resetcounters`, `pricecalcdownload`, `pricecalcupload`, `pricecalcuptime`, `unitpricetax`, `unitpriceaddtax`, `enableburst`, `dlburstlimit`, `ulburstlimit`, `dlburstthreshold`, `ulburstthreshold`, `dlbursttime`, `ulbursttime`, `enableservice`, `dlquota`, `ulquota`, `combquota`, `timequota`, `priority`, `nextsrvid`, `dailynextsrvid`, `availucp`, `renew`, `policymapdl`, `policymapul`, `custattr`) VALUES
(0, 'Default service', 0, 0, 0, 0, 0, 0, 0, '', '1.000000', '0.000000', 2, 0, 0, 0, 1, 1, 1, 0, 0, 0, 0, 0, 0, 0, 0, 1, 0, 0, 1, 0, 0, 0, 0, 0, '0.190000', '0.000000', 0, 1048576, 1048576, 1048576, 1048576, 10, 10, 1, 0, 0, 0, 0, 4, -1, -1, 0, 0, '', '', ''),
(2, 'Card download limit 128 k', 131072, 131072, 1, 0, 0, 1, 0, '', '0.000000', '0.000000', 2, 0, 0, 0, 0, 0, 0, 0, 0, 0, 0, 0, 1, 0, 0, 0, 0, 0, 1, 0, 0, 0, 0, 0, '0.000000', '0.000000', 0, 0, 0, 0, 0, 0, 0, 1, 0, 0, 0, 0, 8, -1, -1, 0, 0, '', '', ''),
(1, 'Access list - Mikrotik', 0, 0, 0, 0, 0, 0, 0, '', '0.000000', '0.000000', 2, 0, 0, 0, 0, 0, 0, 0, 0, 0, 0, 0, 4, 0, 0, 0, 0, 0, 1, 0, 0, 0, 0, 0, '0.000000', '0.000000', 0, 0, 0, 0, 0, 0, 0, 1, 0, 0, 0, 0, 8, -1, -1, 0, 0, '', '', ''),
(4, 'Prepaid MB dl+ul', 393216, 131072, 0, 0, 1, 0, 0, '', '1.000000', '0.000000', 2, 1, 0, 0, 0, 0, 1, 0, 0, 0, 0, 0, 0, 0, 0, 1, 0, 0, 1, 0, 0, 1, 1, 0, '0.190000', '0.000000', 0, 0, 0, 0, 0, 0, 0, 1, 0, 0, 0, 0, 3, -1, -1, 1, 0, '', '', ''),
(5, 'Prepaid monthly 1 GB download', 786432, 262144, 1, 0, 0, 1, 0, '', '29.411765', '0.084034', 3, 0, 1, 0, 1000, 0, 0, 1, 0, 1000, 0, 0, 0, 0, 0, 0, 1, 1, 1, 1, 0, 0, 0, 0, '5.588235', '0.015966', 0, 0, 0, 0, 0, 0, 0, 1, 0, 0, 0, 0, 8, -1, -1, 1, 1, '', '', ''),
(3, 'Postpaid MB download', 524288, 131072, 0, 0, 0, 0, 0, '', '0.084034', '0.000000', 2, 1, 0, 1, 1, 0, 0, 0, 1, 50, 0, 0, 2, 0, 0, 0, 0, 0, 1, 0, 0, 1, 0, 0, '0.015966', '0.000000', 0, 0, 0, 0, 0, 0, 0, 1, 0, 0, 0, 0, 8, -1, -1, 0, 1, '', '', ''),
(16, 'Prepaid MB', 524288, 131072, 0, 0, 0, 0, 0, '', '0.084034', '0.840336', 3, 0, 0, 0, 1, 0, 0, 0, 0, 50, 0, 0, 0, 0, 0, 1, 0, 0, 1, 0, 0, 1, 0, 0, '0.015966', '0.159664', 0, 0, 0, 0, 0, 0, 0, 1, 0, 0, 0, 0, 8, 26, -1, 1, 0, '', '', ''),
(7, 'Prepaid monthly flat + quotas', 0, 0, 0, 0, 0, 1, 0, '', '40.000000', '0.000000', 3, 0, 1, 0, 0, 0, 0, 0, 0, 0, 0, 0, 0, 0, 0, 0, 1, 0, 1, 0, 0, 0, 0, 0, '7.600000', '0.000000', 0, 0, 0, 0, 0, 0, 0, 1, 104857600, 0, 0, 7200, 8, -1, -1, 1, 0, '', '', ''),
(8, 'Postpaid online time', 0, 0, 0, 0, 0, 0, 0, '', '0.991597', '0.000000', 2, 1, 0, 1, 0, 0, 0, 0, 0, 0, 0, 0, 2, 0, 0, 0, 0, 0, 1, 0, 0, 0, 0, 1, '0.188403', '0.000000', 0, 0, 0, 0, 0, 0, 0, 1, 0, 0, 0, 0, 8, -1, -1, 0, 0, '', '', ''),
(9, 'Postpaid monthly flat', 1048576, 524288, 0, 0, 0, 0, 0, '', '20.000000', '0.000000', 3, 0, 1, 1, 0, 0, 0, 1, 4, 1, 2, 3, 2, 0, 0, 0, 1, 0, 1, 0, 0, 0, 0, 0, '3.800000', '0.000000', 0, 0, 0, 0, 0, 0, 0, 1, 0, 0, 0, 0, 8, -1, -1, 0, 1, '', '', ''),
(10, 'Postpaid monthly flat + quotas', 0, 0, 0, 0, 0, 0, 0, '', '15.000000', '0.000000', 0, 0, 0, 0, 0, 0, 0, 0, 0, 0, 0, 0, 2, 0, 0, 0, 1, 0, 1, 0, 0, 0, 0, 0, '2.850000', '0.000000', 0, 0, 0, 0, 0, 0, 0, 1, 10000000, 0, 0, 0, 8, -1, -1, 0, 0, '', '', ''),
(11, 'Expired', 2097152, 524288, 0, 0, 0, 0, 0, 'expired', '0.000000', '0.000000', 2, 0, 0, 0, 0, 0, 0, 0, 0, 0, 0, 0, 0, 0, 0, 0, 0, 0, 1, 0, 0, 0, 0, 0, '0.000000', '0.000000', 0, 0, 0, 0, 0, 0, 0, 1, 0, 0, 0, 0, 8, -1, -1, 0, 0, '', '', ''),
(12, 'Access list - StarOS', 0, 0, 0, 0, 0, 0, 0, '', '0.000000', '0.000000', 0, 0, 0, 0, 0, 0, 0, 0, 0, 0, 0, 0, 4, 0, 0, 0, 0, 0, 1, 0, 0, 0, 0, 0, '0.000000', '0.000000', 0, 0, 0, 0, 0, 0, 0, 1, 0, 0, 0, 0, 8, -1, -1, 0, 0, '', '', ''),
(13, 'IAS expiration limit', 0, 0, 0, 0, 0, 1, 0, '', '0.000000', '0.000000', 0, 0, 0, 0, 0, 0, 0, 0, 0, 0, 0, 0, 1, 0, 0, 0, 0, 0, 1, 0, 0, 0, 0, 0, '0.000000', '0.000000', 0, 0, 0, 0, 0, 0, 0, 1, 0, 0, 0, 0, 8, -1, -1, 0, 0, '', '', ''),
(14, 'IAS uptime limit', 0, 0, 0, 0, 0, 0, 1, '', '0.000000', '0.000000', 2, 0, 0, 0, 0, 0, 0, 0, 0, 0, 0, 0, 1, 0, 0, 0, 0, 0, 1, 0, 0, 0, 0, 0, '0.000000', '0.000000', 0, 0, 0, 0, 0, 0, 0, 1, 0, 0, 0, 0, 8, -1, -1, 0, 0, '', '', ''),
(15, 'IAS download limit', 0, 0, 1, 0, 0, 0, 0, '', '0.000000', '0.000000', 0, 0, 0, 0, 0, 0, 0, 0, 0, 0, 0, 0, 1, 0, 0, 0, 0, 0, 1, 0, 0, 0, 0, 0, '0.000000', '0.000000', 0, 0, 0, 0, 0, 0, 0, 1, 0, 0, 0, 0, 8, -1, -1, 0, 0, '', '', ''),
(17, 'Prepaid expiration & online time', 1048576, 131072, 0, 0, 0, 1, 1, '', '10.000000', '0.000000', 3, 0, 1, 30, 0, 0, 0, 1, 30, 0, 0, 0, 0, 1, 1, 0, 0, 0, 1, 1, 0, 0, 0, 0, '1.900000', '0.000000', 0, 0, 0, 0, 0, 0, 0, 1, 0, 0, 0, 0, 8, -1, -1, 1, 0, '', '', ''),
(18, 'Email only', 0, 0, 0, 0, 0, 0, 0, '', '0.000000', '0.000000', 0, 0, 0, 0, 0, 0, 0, 0, 0, 0, 0, 0, 3, 0, 0, 0, 0, 0, 1, 1, 0, 0, 0, 0, '0.000000', '0.000000', 0, 0, 0, 0, 0, 0, 0, 1, 0, 0, 0, 0, 8, -1, -1, 0, 0, '', '', ''),
(19, 'Prepaid monthly', 262144, 131072, 0, 0, 0, 1, 0, '', '10.000000', '0.100000', 3, 1, 1, 0, 0, 0, 0, 1, 0, 0, 0, 0, 0, 1, 0, 0, 1, 0, 1, 1, 0, 1, 0, 0, '1.900000', '0.019000', 0, 0, 0, 0, 0, 0, 0, 1, 0, 0, 0, 0, 8, -1, -1, 1, 1, '', '', ''),
(20, 'Card expiration + uptime limit', 524288, 131072, 0, 0, 0, 1, 1, '', '0.000000', '0.000000', 2, 0, 0, 0, 0, 0, 0, 0, 0, 0, 0, 0, 1, 0, 0, 0, 0, 0, 1, 1, 0, 0, 0, 0, '0.000000', '0.000000', 0, 0, 0, 0, 0, 0, 0, 1, 0, 0, 0, 0, 8, -1, -1, 0, 0, '', '', ''),
(21, 'Prepaid online time', 131072, 131072, 0, 0, 0, 0, 1, '', '0.100000', '0.000000', 3, 1, 0, 1, 0, 0, 0, 0, 1, 0, 0, 0, 0, 0, 0, 0, 0, 0, 1, 1, 0, 0, 0, 0, '0.019000', '0.000000', 0, 0, 0, 0, 0, 0, 0, 1, 0, 0, 0, 0, 8, -1, -1, 1, 0, '', '', ''),
(22, 'Card online time limit', 524288, 131072, 0, 0, 0, 0, 1, '', '0.000000', '0.000000', 2, 0, 0, 0, 0, 0, 0, 0, 0, 0, 0, 0, 1, 0, 0, 0, 0, 0, 1, 1, 0, 0, 0, 0, '0.000000', '0.000000', 0, 0, 0, 0, 0, 0, 0, 1, 0, 0, 0, 0, 8, -1, -1, 0, 0, '', '', ''),
(23, 'Card expiration limit', 524288, 131072, 0, 0, 0, 1, 0, '', '0.000000', '0.000000', 2, 0, 0, 0, 0, 0, 0, 0, 0, 0, 0, 0, 1, 0, 0, 0, 0, 0, 1, 1, 0, 0, 0, 0, '0.000000', '0.000000', 0, 0, 0, 0, 0, 0, 0, 1, 0, 0, 0, 0, 8, -1, -1, 0, 0, '', '', ''),
(24, 'Postpaid traffic', 524288, 262144, 0, 0, 0, 0, 0, '', '1.000000', '0.000000', 2, 0, 0, 0, 1, 1, 0, 0, 0, 0, 0, 0, 2, 0, 0, 0, 0, 0, 1, 1, 0, 1, 1, 0, '0.190000', '0.000000', 0, 0, 0, 0, 0, 0, 0, 1, 0, 0, 0, 0, 8, -1, -1, 0, 0, '', '', ''),
(25, 'Postpaid monthly 100 MB + overquotas', 524288, 131072, 0, 0, 0, 0, 0, '', '20.000000', '0.084034', 3, 0, 1, 0, 100, 100, 0, 1, 0, 100, 100, 0, 2, 0, 0, 0, 1, 1, 1, 1, 0, 1, 0, 0, '3.800000', '0.015966', 0, 0, 0, 0, 0, 0, 0, 1, 0, 0, 0, 0, 8, -1, -1, 0, 1, '', '', ''),
(26, 'Tharindu Test', 0, 0, 0, 0, 0, 0, 1, '', '0.000000', '0.000000', 2, 0, 0, 0, 0, 0, 0, 0, 0, 0, 0, 0, 0, 0, 0, 0, 0, 0, 1, 1, 0, 0, 0, 0, '0.000000', '0.000000', 0, 0, 0, 0, 0, 0, 0, 1, 0, 0, 0, 0, 8, -1, -1, 0, 0, '', '', ''),
(27, 'Test Card Services', 524288, 131072, 0, 0, 0, 0, 1, '', '0.000000', '0.000000', 2, 0, 0, 0, 0, 0, 0, 0, 0, 0, 0, 0, 1, 0, 0, 0, 0, 0, 1, 1, 0, 0, 0, 0, '0.000000', '0.000000', 0, 0, 0, 0, 0, 0, 0, 0, 0, 0, 0, 0, 8, -1, -1, 0, 0, '', '', ''),
(28, 'HotelA service', 131072, 524288, 0, 0, 0, 0, 1, '', '0.000000', '0.000000', 2, 0, 0, 0, 0, 0, 0, 0, 0, 0, 0, 0, 1, 0, 0, 0, 0, 0, 1, 1, 0, 0, 0, 0, '0.000000', '0.000000', 0, 0, 0, 0, 0, 0, 0, 1, 0, 0, 0, 0, 8, -1, -1, 0, 0, '', '', ''),
(29, 'HotelB service', 131072, 524288, 0, 0, 0, 1, 1, '', '0.000000', '0.000000', 2, 0, 0, 0, 0, 0, 0, 0, 0, 0, 0, 0, 1, 0, 0, 0, 0, 0, 1, 1, 0, 0, 0, 0, '0.000000', '0.000000', 0, 0, 0, 0, 0, 0, 0, 1, 0, 0, 0, 0, 8, -1, -1, 0, 0, '', '', ''),
(30, 'Tharindu Test Mac Service', 1048576, 131072, 0, 0, 0, 1, 0, '', '0.000000', '0.000000', 2, 0, 0, 0, 0, 0, 0, 0, 0, 0, 0, 0, 0, 0, 0, 0, 0, 0, 1, 1, 0, 0, 0, 0, '0.000000', '0.000000', 0, 0, 0, 0, 0, 0, 0, 1, 0, 0, 0, 0, 8, -1, -1, 1, 0, '', '', '');

-- --------------------------------------------------------

--
-- Table structure for table `rm_settings`
--

CREATE TABLE IF NOT EXISTS `rm_settings` (
  `currency` varchar(15) NOT NULL,
  `unixacc` tinyint(1) NOT NULL,
  `diskquota` tinyint(1) NOT NULL,
  `quotatpl` varchar(30) NOT NULL,
  `paymentopt` int(11) NOT NULL,
  `changesrv` tinyint(1) NOT NULL,
  `vatpercent` decimal(4,2) NOT NULL,
  `disablenotpaid` tinyint(1) NOT NULL,
  `resetctr` tinyint(1) NOT NULL,
  `lang` varchar(20) NOT NULL,
  `disconnmethod` tinyint(1) NOT NULL,
  `warndl` bigint(20) NOT NULL,
  `warndlpercent` int(3) NOT NULL,
  `warnul` bigint(20) NOT NULL,
  `warnulpercent` int(3) NOT NULL,
  `warncomb` bigint(20) NOT NULL,
  `warncombpercent` int(3) NOT NULL,
  `warnuptime` bigint(20) NOT NULL,
  `warnuptimepercent` int(3) NOT NULL,
  `warnexpiry` int(11) NOT NULL,
  `emailwarning` tinyint(1) NOT NULL,
  `warnmode` tinyint(1) NOT NULL,
  `emailnotify` tinyint(1) NOT NULL,
  `selfreg` tinyint(1) NOT NULL,
  `edituserdata` tinyint(1) NOT NULL,
  `hidelimits` tinyint(1) NOT NULL,
  `pm_internal` tinyint(1) NOT NULL,
  `pm_paypalstd` tinyint(1) NOT NULL,
  `pm_paypalpro` tinyint(1) NOT NULL,
  `pm_paypalexp` tinyint(1) NOT NULL,
  `pm_netcash` tinyint(1) NOT NULL,
  `pm_authorizenet` tinyint(1) NOT NULL,
  `pm_dps` tinyint(1) NOT NULL,
  `pm_2co` tinyint(1) NOT NULL,
  `unixhost` tinyint(1) NOT NULL,
  `remotehostname` varchar(100) NOT NULL,
  `maclock` tinyint(1) NOT NULL,
  `billingstart` tinyint(2) NOT NULL,
  `renewday` tinyint(2) NOT NULL,
  `changepswucp` tinyint(1) NOT NULL,
  `redeemucp` tinyint(1) NOT NULL,
  `buycreditsucp` tinyint(1) NOT NULL,
  `selfreg_firstname` tinyint(1) NOT NULL,
  `selfreg_lastname` tinyint(1) NOT NULL,
  `selfreg_address` tinyint(1) NOT NULL,
  `selfreg_city` tinyint(1) NOT NULL,
  `selfreg_zip` tinyint(1) NOT NULL,
  `selfreg_country` tinyint(1) NOT NULL,
  `selfreg_state` tinyint(1) NOT NULL,
  `selfreg_phone` tinyint(1) NOT NULL,
  `selfreg_mobile` tinyint(1) NOT NULL,
  `selfreg_email` tinyint(1) NOT NULL,
  `selfreg_verify` tinyint(1) NOT NULL
) ENGINE=MyISAM DEFAULT CHARSET=utf8;

--
-- Dumping data for table `rm_settings`
--

INSERT INTO `rm_settings` (`currency`, `unixacc`, `diskquota`, `quotatpl`, `paymentopt`, `changesrv`, `vatpercent`, `disablenotpaid`, `resetctr`, `lang`, `disconnmethod`, `warndl`, `warndlpercent`, `warnul`, `warnulpercent`, `warncomb`, `warncombpercent`, `warnuptime`, `warnuptimepercent`, `warnexpiry`, `emailwarning`, `warnmode`, `emailnotify`, `selfreg`, `edituserdata`, `hidelimits`, `pm_internal`, `pm_paypalstd`, `pm_paypalpro`, `pm_paypalexp`, `pm_netcash`, `pm_authorizenet`, `pm_dps`, `pm_2co`, `unixhost`, `remotehostname`, `maclock`, `billingstart`, `renewday`, `changepswucp`, `redeemucp`, `buycreditsucp`, `selfreg_firstname`, `selfreg_lastname`, `selfreg_address`, `selfreg_city`, `selfreg_zip`, `selfreg_country`, `selfreg_state`, `selfreg_phone`, `selfreg_mobile`, `selfreg_email`, `selfreg_verify`) VALUES
(' ', 0, 0, 'template', 14, 1, '19.00', 1, 1, 'English', 1, 10, 0, 10, 0, 10, 0, 3600, 0, 5, 0, 0, 0, 1, 1, 0, 1, 1, 1, 1, 1, 1, 1, 1, 0, '127.0.0.1', 0, 1, 1, 1, 1, 1, 0, 0, 0, 0, 0, 0, 0, 0, 0, 0, 0);

-- --------------------------------------------------------

--
-- Table structure for table `rm_specperacnt`
--

CREATE TABLE IF NOT EXISTS `rm_specperacnt` (
  `id` int(11) NOT NULL AUTO_INCREMENT,
  `srvid` int(11) NOT NULL,
  `starttime` time NOT NULL,
  `endtime` time NOT NULL,
  `timeratio` decimal(3,2) NOT NULL,
  `dlratio` decimal(3,2) NOT NULL,
  `ulratio` decimal(3,2) NOT NULL,
  `connallowed` tinyint(1) NOT NULL,
  `mon` tinyint(1) NOT NULL,
  `tue` tinyint(1) NOT NULL,
  `wed` tinyint(1) NOT NULL,
  `thu` tinyint(1) NOT NULL,
  `fri` tinyint(1) NOT NULL,
  `sat` tinyint(1) NOT NULL,
  `sun` tinyint(1) NOT NULL,
  PRIMARY KEY (`id`),
  KEY `srvid` (`srvid`),
  KEY `fromtime` (`starttime`),
  KEY `totime` (`endtime`)
) ENGINE=MyISAM  DEFAULT CHARSET=utf8 AUTO_INCREMENT=2 ;

--
-- Dumping data for table `rm_specperacnt`
--

INSERT INTO `rm_specperacnt` (`id`, `srvid`, `starttime`, `endtime`, `timeratio`, `dlratio`, `ulratio`, `connallowed`, `mon`, `tue`, `wed`, `thu`, `fri`, `sat`, `sun`) VALUES
(1, 16, '00:00:00', '18:59:09', '0.50', '0.50', '0.50', 1, 1, 1, 1, 1, 1, 1, 1);

-- --------------------------------------------------------

--
-- Table structure for table `rm_specperbw`
--

CREATE TABLE IF NOT EXISTS `rm_specperbw` (
  `id` int(11) NOT NULL AUTO_INCREMENT,
  `srvid` int(11) NOT NULL,
  `starttime` time NOT NULL,
  `endtime` time NOT NULL,
  `dlrate` int(11) NOT NULL,
  `ulrate` int(11) NOT NULL,
  `dlburstlimit` int(11) NOT NULL,
  `ulburstlimit` int(11) NOT NULL,
  `dlburstthreshold` int(11) NOT NULL,
  `ulburstthreshold` int(11) NOT NULL,
  `dlbursttime` int(11) NOT NULL,
  `ulbursttime` int(11) NOT NULL,
  `enableburst` tinyint(1) NOT NULL,
  `priority` int(11) NOT NULL,
  `mon` tinyint(1) NOT NULL,
  `tue` tinyint(1) NOT NULL,
  `wed` tinyint(1) NOT NULL,
  `thu` tinyint(1) NOT NULL,
  `fri` tinyint(1) NOT NULL,
  `sat` tinyint(1) NOT NULL,
  `sun` tinyint(1) NOT NULL,
  PRIMARY KEY (`id`)
) ENGINE=MyISAM  DEFAULT CHARSET=utf8 AUTO_INCREMENT=2 ;

--
-- Dumping data for table `rm_specperbw`
--

INSERT INTO `rm_specperbw` (`id`, `srvid`, `starttime`, `endtime`, `dlrate`, `ulrate`, `dlburstlimit`, `ulburstlimit`, `dlburstthreshold`, `ulburstthreshold`, `dlbursttime`, `ulbursttime`, `enableburst`, `priority`, `mon`, `tue`, `wed`, `thu`, `fri`, `sat`, `sun`) VALUES
(1, 16, '13:20:00', '13:30:00', 131072, 65536, 0, 0, 0, 0, 0, 0, 0, 0, 1, 1, 1, 1, 1, 1, 1);

-- --------------------------------------------------------

--
-- Table structure for table `rm_syslog`
--

CREATE TABLE IF NOT EXISTS `rm_syslog` (
  `id` int(11) NOT NULL AUTO_INCREMENT,
  `datetime` datetime NOT NULL,
  `ip` varchar(15) NOT NULL,
  `name` varchar(64) NOT NULL,
  `eventid` int(11) NOT NULL,
  `data1` varchar(64) NOT NULL,
  PRIMARY KEY (`id`)
) ENGINE=MyISAM  DEFAULT CHARSET=utf8 AUTO_INCREMENT=823 ;

--
-- Dumping data for table `rm_syslog`
--

INSERT INTO `rm_syslog` (`id`, `datetime`, `ip`, `name`, `eventid`, `data1`) VALUES
(793, '2011-12-01 15:33:31', '203.143.0.180', 'admin', 3, ''),
(794, '2011-12-12 10:02:34', '203.143.0.180', 'admin', 3, ''),
(795, '2011-12-23 09:20:49', '203.143.0.180', 'admin', 3, ''),
(796, '2011-12-23 11:13:58', '61.245.165.6', 'admin', 3, ''),
(797, '2011-12-23 15:29:03', '203.143.0.180', 'admin', 3, ''),
(798, '2011-12-23 15:56:08', '203.143.0.180', 'admin', 0, 'cargils'),
(799, '2011-12-23 16:18:03', '203.143.0.180', 'admin', 3, ''),
(800, '2011-12-28 11:11:18', '203.143.0.180', 'admin', 3, ''),
(801, '2011-12-28 11:49:36', '203.143.0.180', 'admin', 3, ''),
(802, '2011-12-28 11:50:49', '203.143.0.180', 'admin', 0, 'tharinduh'),
(803, '2011-12-28 12:39:07', '203.143.0.180', 'admin', 3, ''),
(804, '2011-12-29 09:42:01', '203.143.0.180', 'admin', 3, ''),
(805, '2011-12-29 10:11:34', '203.143.0.180', 'admin', 3, ''),
(806, '2011-12-29 10:38:12', '203.143.0.180', 'admin', 3, ''),
(807, '2011-12-29 11:22:49', '203.143.0.180', 'admin', 3, ''),
(808, '2011-12-29 16:35:22', '203.143.0.180', 'admin', 3, ''),
(809, '2011-12-29 16:49:08', '203.143.0.180', 'admin', 3, ''),
(810, '2011-12-29 16:52:35', '203.143.0.180', 'admin', 13, 'ChayaBlue'),
(811, '2011-12-29 17:19:11', '203.143.0.180', 'admin', 3, ''),
(812, '2011-12-29 17:19:39', '203.143.0.180', 'admin', 12, 'Localhost'),
(813, '2011-12-29 17:21:44', '203.143.0.180', 'admin', 14, 'ChayaBlue'),
(814, '2011-12-29 17:21:44', '203.143.0.180', 'admin', 14, 'HotelB'),
(815, '2011-12-29 17:22:06', '203.143.0.180', 'admin', 12, 'ChayaBlue'),
(816, '2011-12-30 09:46:19', '203.143.0.180', 'admin', 3, ''),
(817, '2011-12-30 10:10:55', '203.143.0.180', 'admin', 3, ''),
(818, '2011-12-30 10:46:17', '203.143.0.180', 'admin', 3, ''),
(819, '2011-12-30 11:00:11', '203.143.0.180', 'admin', 3, ''),
(820, '2011-12-30 11:59:05', '203.143.14.232', 'admin', 3, ''),
(821, '2011-12-30 12:21:34', '203.143.0.180', 'admin', 3, ''),
(822, '2011-12-30 13:04:36', '203.143.0.180', 'admin', 3, '');

-- --------------------------------------------------------

--
-- Table structure for table `rm_usergroups`
--

CREATE TABLE IF NOT EXISTS `rm_usergroups` (
  `groupid` int(11) NOT NULL AUTO_INCREMENT,
  `groupname` varchar(50) NOT NULL,
  `descr` varchar(200) NOT NULL,
  PRIMARY KEY (`groupid`)
) ENGINE=MyISAM  DEFAULT CHARSET=utf8 AUTO_INCREMENT=3 ;

--
-- Dumping data for table `rm_usergroups`
--

INSERT INTO `rm_usergroups` (`groupid`, `groupname`, `descr`) VALUES
(1, 'HotelA Group', ''),
(2, 'HotelB Groups', 'Only for Card users');

-- --------------------------------------------------------

--
-- Table structure for table `rm_users`
--

CREATE TABLE IF NOT EXISTS `rm_users` (
  `username` varchar(64) NOT NULL,
  `password` varchar(32) NOT NULL,
  `groupid` int(11) NOT NULL,
  `enableuser` tinyint(1) NOT NULL,
  `uplimit` bigint(20) NOT NULL,
  `downlimit` bigint(20) NOT NULL,
  `comblimit` bigint(20) NOT NULL,
  `firstname` varchar(50) NOT NULL,
  `lastname` varchar(50) NOT NULL,
  `company` varchar(50) NOT NULL,
  `phone` varchar(15) NOT NULL,
  `mobile` varchar(15) NOT NULL,
  `address` varchar(100) NOT NULL,
  `city` varchar(50) NOT NULL,
  `zip` varchar(8) NOT NULL,
  `country` varchar(50) NOT NULL,
  `state` varchar(50) NOT NULL,
  `comment` varchar(200) NOT NULL,
  `mac` varchar(17) NOT NULL,
  `usemacauth` tinyint(1) NOT NULL,
  `expiration` datetime NOT NULL,
  `uptimelimit` bigint(20) NOT NULL,
  `srvid` int(11) NOT NULL,
  `staticip` varchar(15) NOT NULL,
  `usestaticip` tinyint(1) NOT NULL,
  `createdon` date NOT NULL,
  `acctype` tinyint(1) NOT NULL,
  `credits` decimal(20,2) NOT NULL,
  `cardfails` tinyint(4) NOT NULL,
  `createdby` varchar(64) NOT NULL,
  `owner` varchar(64) NOT NULL,
  `taxid` varchar(40) NOT NULL,
  `email` varchar(50) NOT NULL,
  `maccm` varchar(17) NOT NULL,
  `custattr` varchar(255) NOT NULL,
  `warningsent` tinyint(1) NOT NULL,
  `verifycode` varchar(10) NOT NULL,
  `verified` tinyint(1) NOT NULL,
  `selfreg` tinyint(1) NOT NULL,
  `verifyfails` tinyint(4) NOT NULL,
  `verifysentnum` tinyint(4) NOT NULL,
  `verifymobile` varchar(15) NOT NULL,
  PRIMARY KEY (`username`),
  KEY `srvid` (`srvid`),
  KEY `groupid` (`groupid`),
  KEY `enableuser` (`enableuser`),
  KEY `firstname` (`firstname`),
  KEY `lastname` (`lastname`),
  KEY `company` (`company`),
  KEY `phone` (`phone`),
  KEY `mobile` (`mobile`),
  KEY `address` (`address`),
  KEY `city` (`city`),
  KEY `zip` (`zip`),
  KEY `country` (`country`),
  KEY `state` (`state`),
  KEY `comment` (`comment`),
  KEY `mac` (`mac`),
  KEY `staticip` (`staticip`),
  KEY `acctype` (`acctype`),
  KEY `email` (`email`),
  KEY `maccm` (`maccm`),
  KEY `owner` (`owner`)
) ENGINE=MyISAM DEFAULT CHARSET=utf8;

--
-- Dumping data for table `rm_users`
--

INSERT INTO `rm_users` (`username`, `password`, `groupid`, `enableuser`, `uplimit`, `downlimit`, `comblimit`, `firstname`, `lastname`, `company`, `phone`, `mobile`, `address`, `city`, `zip`, `country`, `state`, `comment`, `mac`, `usemacauth`, `expiration`, `uptimelimit`, `srvid`, `staticip`, `usestaticip`, `createdon`, `acctype`, `credits`, `cardfails`, `createdby`, `owner`, `taxid`, `email`, `maccm`, `custattr`, `warningsent`, `verifycode`, `verified`, `selfreg`, `verifyfails`, `verifysentnum`, `verifymobile`) VALUES
('tharinduh', '32bf0e6fcff51e53bd74e70ba1d622b2', 1, 1, 0, 0, 0, '', '', '', '', '', '', '', '', '', '', '', '', 0, '2011-12-31 00:00:00', 0, 0, '', 0, '2011-12-28', 0, '0.00', 0, 'admin', 'admin', '', '', '', '', 0, '', 0, 0, 0, 0, ''),
('tharindu', '969fb11d48bd5ec660a285787ad615f9', 2, 1, 7189505, 272621267, 279810772, '', '', '', '', '', '', '', '', '', '', '', '', 0, '2012-06-02 00:00:00', 54585, 17, '', 0, '2011-06-02', 0, '100.00', 0, 'admin', 'admin', '', '', '', '', 0, '', 0, 0, 0, 0, ''),
('tharindu2', 'fc9c6eaa6852b4ec647d4f8a87463abe', 1, 1, -292969, -11307776, -11600745, '', '', '', '', '', '', '', '', '', '', '', '', 0, '2011-06-02 00:00:00', 5, 0, '', 0, '2011-06-02', 0, '0.00', 0, 'admin', 'admin', '', '', '', '', 0, '', 0, 0, 0, 0, ''),
('27055871', '14ad095ecc1c3e1b87f3c522836e9158', 1, 1, 0, 0, 0, '', '', '', '', '', '', '', '', '', '', '', '', 0, '2011-08-31 00:00:00', 0, 23, '', 0, '2011-08-23', 2, '0.00', 0, 'admin', 'admin', '', '', '', '', 0, '', 1, 0, 0, 0, ''),
('42878693', 'd1e946f4e67db4b362ad23818a6fb78a', 0, 1, 0, 0, 0, '', '', '', '', '', '', '', '', '', '', '', '', 0, '2011-08-31 00:00:00', 0, 27, '', 0, '2011-08-23', 2, '0.00', 0, 'admin', 'admin', '', '', '', '', 0, '', 1, 0, 0, 0, ''),
('3643', '5680522b8e2bb01943234bce7bf84534', 0, 0, 0, 0, 0, '', '', '', '', '', '', '', '', '', '', '', '', 0, '2012-08-31 00:00:00', 3600, 27, '', 0, '2011-08-15', 2, '0.00', 0, 'admin', 'admin', '', '', '', '', 0, '', 1, 0, 0, 0, ''),
('7089', '966aad8981dcc75b5b8ab04427a833b2', 0, 0, 0, 0, 0, '', '', '', '', '', '', '', '', '', '', '', '', 0, '2012-08-31 00:00:00', 3600, 27, '', 0, '2011-08-15', 2, '0.00', 0, 'admin', 'admin', '', '', '', '', 0, '', 1, 0, 0, 0, ''),
('0577', '91e82999cf7e45da1070ebd673690716', 0, 0, 0, 0, 0, '', '', '', '', '', '', '', '', '', '', '', '', 0, '2012-08-31 00:00:00', 3600, 27, '', 0, '2011-08-15', 2, '0.00', 0, 'admin', 'admin', '', '', '', '', 0, '', 1, 0, 0, 0, ''),
('kavidu', 'd92ef6e73f676226c7e9a439ca15926e', 1, 1, 0, 0, 0, '', '', '', '', '', '', '', '', '', '', '', '', 0, '2011-07-06 00:00:00', 5, 0, '', 0, '2011-07-06', 0, '0.00', 0, 'admin', 'admin', '', '', '', '', 0, '', 0, 0, 0, 0, ''),
('8833', '97d98119037c5b8a9663cb21fb8ebf47', 0, 1, 0, 0, 0, '', '', '', '', '', '', '', '', '', '', '', '', 0, '2011-08-30 12:48:23', 0, 23, '', 0, '2011-08-23', 2, '0.00', 0, 'admin', 'admin', '', '', '', '', 0, '', 1, 0, 0, 0, ''),
('registeraccount', 'e268443e43d93dab7ebef303bbe9642f', 0, 1, 0, 52428800, 0, 'RR', 'ds', '', '496548156875', '496548156876', 'wsdf', 'sdf', '', 'Barbados', 'Indiana', '', '', 0, '2011-06-06 00:00:00', 0, 16, '', 0, '2011-06-06', 0, '0.00', 0, 'Self reg.', '', '', '', '', '', 0, '', 1, 1, 0, 0, ''),
('4042', '7695ea769f021803c508817dd374bb27', 0, 0, 0, 0, 0, '', '', '', '', '', '', '', '', '', '', '', '', 0, '2012-08-31 00:00:00', 3600, 27, '', 0, '2011-08-15', 2, '0.00', 0, 'admin', 'admin', '', '', '', '', 0, '', 1, 0, 0, 0, ''),
('2198', 'a894b83c9b7a00dba6c52cecf7a31fbb', 0, 0, 0, 0, 0, '', '', '', '', '', '', '', '', '', '', '', '', 0, '2012-08-31 00:00:00', 3600, 27, '', 0, '2011-08-15', 2, '0.00', 0, 'admin', 'admin', '', '', '', '', 0, '', 1, 0, 0, 0, ''),
('4312', 'eafc8fe9c61d6760ae284c29840bbf0b', 1, 1, 0, 0, 0, '', '', '', '', '', '', '', '', '', '', '', '', 0, '2011-08-27 00:00:00', 3600, 28, '', 0, '2011-08-11', 2, '0.00', 0, 'admin', 'admin', '', '', '', '', 0, '', 1, 0, 0, 0, ''),
('9343', '4fd5aadb85a00525415e3733cb96ed68', 1, 1, 0, 0, 0, '', '', '', '', '', '', '', '', '', '', '', '', 0, '2011-08-15 15:04:35', 3600, 28, '', 0, '2011-08-11', 2, '0.00', 0, 'admin', 'admin', '', '', '', '', 0, '', 1, 0, 0, 0, ''),
('7491', '777669af68dbccabc30c3b6bcaa81825', 1, 1, 0, 0, 0, '', '', '', '', '', '', '', '', '', '', '', '', 0, '2011-08-27 00:00:00', 3600, 28, '', 0, '2011-08-11', 2, '0.00', 0, 'admin', 'admin', '', '', '', '', 0, '', 1, 0, 0, 0, ''),
('4567', '9d1827dc5f75b9d65d80e25eb862e676', 0, 0, 0, 0, 0, '', '', '', '', '', '', '', '', '', '', '', '', 0, '2011-08-27 00:00:00', 3600, 27, '', 0, '2011-08-11', 2, '0.00', 0, 'admin', 'admin', '', '', '', '', 0, '', 1, 0, 0, 0, ''),
('7155', 'c89e6d59f9753e53018cf8de933c1aaa', 0, 0, 0, 0, 0, '', '', '', '', '', '', '', '', '', '', '', '', 0, '2011-08-27 00:00:00', 3600, 27, '', 0, '2011-08-11', 2, '0.00', 0, 'admin', 'admin', '', '', '', '', 0, '', 1, 0, 0, 0, ''),
('3379', '273fb553c6e695e6b74f381b8ea5d42f', 0, 0, 0, 0, 0, '', '', '', '', '', '', '', '', '', '', '', '', 0, '2011-08-27 00:00:00', 3600, 27, '', 0, '2011-08-11', 2, '0.00', 0, 'admin', 'admin', '', '', '', '', 0, '', 1, 0, 0, 0, ''),
('2266', 'abb9d15b3293a96a3ea116867b2b16d5', 1, 1, 0, 0, 0, '', '', '', '', '', '', '', '', '', '', '', '', 0, '2011-08-15 14:39:55', 50, 28, '', 0, '2011-08-11', 2, '0.00', 0, 'admin', 'admin', '', '', '', '', 0, '', 1, 0, 0, 0, ''),
('4854', '408b7c8ad06e4d9954fa2d948a01f508', 1, 1, 0, 0, 0, '', '', '', '', '', '', '', '', '', '', '', '', 0, '2011-08-27 00:00:00', 3600, 28, '', 0, '2011-08-11', 2, '0.00', 0, 'admin', 'admin', '', '', '', '', 0, '', 1, 0, 0, 0, ''),
('cargils', '81dc9bdb52d04dc20036dbd8313ed055', 1, 1, 0, 0, 0, '', '', '', '', '', '', '', '', '', '', '', '', 0, '2011-12-23 00:00:00', 0, 0, '', 0, '2011-12-23', 0, '0.00', 0, 'admin', 'admin', '', '', '', '', 0, '', 0, 0, 0, 0, ''),
('8806', '9c9f1366edbae758a3bb56eca4388b64', 0, 0, 0, 0, 0, '', '', '', '', '', '', '', '', '', '', '', '', 0, '2011-08-27 00:00:00', 3600, 27, '', 0, '2011-08-11', 2, '0.00', 0, 'admin', 'admin', '', '', '', '', 0, '', 1, 0, 0, 0, ''),
('2144', '77cdfc1e11e36a23bb030892ee00b8cf', 0, 0, 0, 0, 0, '', '', '', '', '', '', '', '', '', '', '', '', 0, '2011-08-27 00:00:00', 3600, 27, '', 0, '2011-08-11', 2, '0.00', 0, 'admin', 'admin', '', '', '', '', 0, '', 1, 0, 0, 0, ''),
('6969', '4559912e7a94a9c32b09d894f2bc3c82', 0, 0, 0, 0, 0, '', '', '', '', '', '', '', '', '', '', '', '', 0, '2011-08-27 00:00:00', 3600, 27, '', 0, '2011-08-11', 2, '0.00', 0, 'admin', 'admin', '', '', '', '', 0, '', 1, 0, 0, 0, ''),
('rukshan', '945b2d7f00464803ba7265c7c37fcdd7', 1, 1, 0, 0, 0, '', '', '', '', '', '', '', '', '', '', '', '', 0, '2011-07-06 00:00:00', 0, 0, '', 0, '2011-07-06', 0, '0.00', 0, 'admin', 'admin', '', '', '', '', 0, '', 0, 0, 0, 0, ''),
('40996811', '36e425d506a15b14cec0d71abfb2ac44', 0, 1, 0, 0, 0, '', '', '', '', '', '', '', '', '', '', '', '', 0, '2011-08-31 00:00:00', 0, 27, '', 0, '2011-08-23', 2, '0.00', 0, 'admin', 'admin', '', '', '', '', 0, '', 1, 0, 0, 0, ''),
('5630', '5129a5ddcd0dcd755232baa04c231698', 0, 0, 0, 0, 0, '', '', '', '', '', '', '', '', '', '', '', '', 0, '2012-08-31 00:00:00', 3600, 27, '', 0, '2011-08-15', 2, '0.00', 0, 'admin', 'admin', '', '', '', '', 0, '', 1, 0, 0, 0, ''),
('time', '07cc694b9b3fc636710fa08b6922c42b', 1, 1, 0, 0, 0, '', '', '', '', '', '', '', '', '', '', '', '', 0, '2011-07-30 00:00:00', 300, 26, '', 0, '2011-07-18', 0, '0.00', 0, 'admin', 'admin', '', '', '', '', 0, '', 0, 0, 0, 0, ''),
('83239984', '8e7991af8afa942dc572950e01177da5', 0, 1, 0, 0, 0, '', '', '', '', '', '', '', '', '', '', '', '', 0, '2011-08-31 00:00:00', 0, 27, '', 0, '2011-08-23', 2, '0.00', 0, 'admin', 'admin', '', '', '', '', 0, '', 1, 0, 0, 0, ''),
('6308', '2d3acd3e240c61820625fff66a19938f', 0, 0, 0, 0, 0, '', '', '', '', '', '', '', '', '', '', '', '', 0, '2011-08-27 00:00:00', 3600, 27, '', 0, '2011-08-11', 2, '0.00', 0, 'admin', 'admin', '', '', '', '', 0, '', 1, 0, 0, 0, ''),
('3749', 'ced556cd9f9c0c8315cfbe0744a3baf0', 0, 0, 0, 0, 0, '', '', '', '', '', '', '', '', '', '', '', '', 0, '2011-08-27 00:00:00', 3600, 27, '', 0, '2011-08-11', 2, '0.00', 0, 'admin', 'admin', '', '', '', '', 0, '', 1, 0, 0, 0, ''),
('0921', '96fd0b319802304d48a45170b917cd27', 0, 0, 0, 0, 0, '', '', '', '', '', '', '', '', '', '', '', '', 0, '2011-08-27 00:00:00', 3600, 27, '', 0, '2011-08-11', 2, '0.00', 0, 'admin', 'admin', '', '', '', '', 0, '', 1, 0, 0, 0, ''),
('7983', 'e0cd3f16f9e883ca91c2a4c24f47b3d9', 0, 0, 0, 0, 0, '', '', '', '', '', '', '', '', '', '', '', '', 0, '2011-08-27 00:00:00', 3600, 27, '', 0, '2011-08-11', 2, '0.00', 0, 'admin', 'admin', '', '', '', '', 0, '', 1, 0, 0, 0, ''),
('8680', '5b5e6cc50cefa5e9f1f5ca272b136475', 0, 0, 0, 0, 0, '', '', '', '', '', '', '', '', '', '', '', '', 0, '2011-08-27 00:00:00', 3600, 27, '', 0, '2011-08-11', 2, '0.00', 0, 'admin', 'admin', '', '', '', '', 0, '', 1, 0, 0, 0, ''),
('3314', 'dc2b690516158a874dd8aabe1365c6a0', 0, 0, 0, 0, 0, '', '', '', '', '', '', '', '', '', '', '', '', 0, '2011-08-27 00:00:00', 3600, 27, '', 0, '2011-08-11', 2, '0.00', 0, 'admin', 'admin', '', '', '', '', 0, '', 1, 0, 0, 0, ''),
('3068', '7eb3c8be3d411e8ebfab08eba5f49632', 0, 0, 0, 0, 0, '', '', '', '', '', '', '', '', '', '', '', '', 0, '2011-08-27 00:00:00', 3600, 27, '', 0, '2011-08-11', 2, '0.00', 0, 'admin', 'admin', '', '', '', '', 0, '', 1, 0, 0, 0, ''),
('8123', '8f4d94fa779cb6b74225a9e26c700a39', 0, 0, 0, 0, 0, '', '', '', '', '', '', '', '', '', '', '', '', 0, '2011-08-27 00:00:00', 3600, 27, '', 0, '2011-08-11', 2, '0.00', 0, 'admin', 'admin', '', '', '', '', 0, '', 1, 0, 0, 0, ''),
('tharu', '81dc9bdb52d04dc20036dbd8313ed055', 1, 1, 0, 0, 0, '', '', '', '', '', '', '', '', '', '', '', '', 0, '2012-07-28 00:00:00', 0, 0, '', 0, '2011-07-28', 0, '0.00', 0, 'admin', 'admin', '', '', '', '', 0, '', 0, 0, 0, 0, ''),
('72098509', '48dfb0e62ef53dc160c26788433c2d1a', 0, 1, 0, 0, 0, '', '', '', '', '', '', '', '', '', '', '', '', 0, '2011-08-31 00:00:00', 0, 27, '', 0, '2011-08-23', 2, '0.00', 0, 'admin', 'admin', '', '', '', '', 0, '', 1, 0, 0, 0, ''),
('2702', '500ee9106e0e4d8f769fadfdf9f2837e', 2, 1, 0, 0, 0, '', '', '', '', '', '', '', '', '', '', '', '', 0, '2012-08-31 00:00:00', 3600, 29, '', 0, '2011-08-15', 2, '0.00', 0, 'admin', 'admin', '', '', '', '', 0, '', 1, 0, 0, 0, ''),
('8708', '1e1d184167ca7676cf665225e236a3d2', 0, 0, 0, 0, 0, '', '', '', '', '', '', '', '', '', '', '', '', 0, '2012-08-31 00:00:00', 3600, 27, '', 0, '2011-08-15', 2, '0.00', 0, 'admin', 'admin', '', '', '', '', 0, '', 1, 0, 0, 0, ''),
('1794', 'b4681a619cf018eed690452faeb0e94f', 0, 0, 0, 0, 0, '', '', '', '', '', '', '', '', '', '', '', '', 0, '2012-08-31 00:00:00', 3600, 27, '', 0, '2011-08-15', 2, '0.00', 0, 'admin', 'admin', '', '', '', '', 0, '', 1, 0, 0, 0, ''),
('2071', '1cbcaa5abbb6b70f378a3a03d0c26386', 0, 0, 0, 0, 0, '', '', '', '', '', '', '', '', '', '', '', '', 0, '2012-08-31 00:00:00', 3600, 27, '', 0, '2011-08-15', 2, '0.00', 0, 'admin', 'admin', '', '', '', '', 0, '', 1, 0, 0, 0, ''),
('1606', '167434fa6219316417cd4160c0c5e7d2', 0, 0, 0, 0, 0, '', '', '', '', '', '', '', '', '', '', '', '', 0, '2012-08-31 00:00:00', 3600, 27, '', 0, '2011-08-15', 2, '0.00', 0, 'admin', 'admin', '', '', '', '', 0, '', 1, 0, 0, 0, ''),
('7544', 'a7968b4339a1b85b7dbdb362dc44f9c4', 0, 0, 0, 0, 0, '', '', '', '', '', '', '', '', '', '', '', '', 0, '2012-08-31 00:00:00', 3600, 27, '', 0, '2011-08-15', 2, '0.00', 0, 'admin', 'admin', '', '', '', '', 0, '', 1, 0, 0, 0, ''),
('4724', '357cfba15668cc2e1e73111e09d54383', 0, 0, 0, 0, 0, '', '', '', '', '', '', '', '', '', '', '', '', 0, '2012-08-31 00:00:00', 3600, 27, '', 0, '2011-08-15', 2, '0.00', 0, 'admin', 'admin', '', '', '', '', 0, '', 1, 0, 0, 0, ''),
('0267', '576e5effaa235485db53702d723976d7', 0, 0, 0, 0, 0, '', '', '', '', '', '', '', '', '', '', '', '', 0, '2012-08-31 00:00:00', 3600, 27, '', 0, '2011-08-15', 2, '0.00', 0, 'admin', 'admin', '', '', '', '', 0, '', 1, 0, 0, 0, ''),
('4547', 'fcde14913c766cf307c75059e0e89af5', 2, 1, 0, 0, 0, '', '', '', '', '', '', '', '', '', '', '', '', 0, '2012-08-31 00:00:00', 3600, 29, '', 0, '2011-08-15', 2, '0.00', 0, 'admin', 'admin', '', '', '', '', 0, '', 1, 0, 0, 0, ''),
('8380', '832353270aacb6e3322f493a66aaf5b9', 2, 1, 0, 0, 0, '', '', '', '', '', '', '', '', '', '', '', '', 0, '2012-08-31 00:00:00', 3600, 29, '', 0, '2011-08-15', 2, '0.00', 0, 'admin', 'admin', '', '', '', '', 0, '', 1, 0, 0, 0, ''),
('3571', '7a9a322cbe0d06a98667fdc5160dc6f8', 2, 1, 0, 0, 0, '', '', '', '', '', '', '', '', '', '', '', '', 0, '2012-08-31 00:00:00', 3600, 29, '', 0, '2011-08-15', 2, '0.00', 0, 'admin', 'admin', '', '', '', '', 0, '', 1, 0, 0, 0, ''),
('7422', 'e8bf0f27d70d480d3ab793bb7619aaa5', 2, 1, 0, 0, 0, '', '', '', '', '', '', '', '', '', '', '', '', 0, '2012-08-31 00:00:00', 3600, 29, '', 0, '2011-08-15', 2, '0.00', 0, 'admin', 'admin', '', '', '', '', 0, '', 1, 0, 0, 0, ''),
('3874', '1bc2029a8851ad344a8d503930dfd7f7', 2, 1, 0, 0, 0, '', '', '', '', '', '', '', '', '', '', '', '', 0, '2012-08-31 00:00:00', 3600, 29, '', 0, '2011-08-15', 2, '0.00', 0, 'admin', 'admin', '', '', '', '', 0, '', 1, 0, 0, 0, ''),
('4133', '3f68928ec5b6fae14708854b8fd0cf08', 2, 1, 0, 0, 0, '', '', '', '', '', '', '', '', '', '', '', '', 0, '2012-08-31 00:00:00', 3600, 29, '', 0, '2011-08-15', 2, '0.00', 0, 'admin', 'admin', '', '', '', '', 0, '', 1, 0, 0, 0, ''),
('2545', '69d1fc78dbda242c43ad6590368912d4', 2, 1, 0, 0, 0, '', '', '', '', '', '', '', '', '', '', '', '', 0, '2012-08-31 00:00:00', 3600, 29, '', 0, '2011-08-15', 2, '0.00', 0, 'admin', 'admin', '', '', '', '', 0, '', 1, 0, 0, 0, ''),
('3590', '3c09bb10e2189124fdd8f467cc8b55a7', 0, 0, 0, 0, 0, '', '', '', '', '', '', '', '', '', '', '', '', 0, '2012-08-31 00:00:00', 3600, 27, '', 0, '2011-08-15', 2, '0.00', 0, 'admin', 'admin', '', '', '', '', 0, '', 1, 0, 0, 0, ''),
('8446', '28fc2782ea7ef51c1104ccf7b9bea13d', 0, 0, 0, 0, 0, '', '', '', '', '', '', '', '', '', '', '', '', 0, '2012-08-31 00:00:00', 3600, 27, '', 0, '2011-08-15', 2, '0.00', 0, 'admin', 'admin', '', '', '', '', 0, '', 1, 0, 0, 0, ''),
('4882', 'fa47a8afc054461b702dacbbcd204818', 0, 0, 0, 0, 0, '', '', '', '', '', '', '', '', '', '', '', '', 0, '2012-08-31 00:00:00', 3600, 27, '', 0, '2011-08-15', 2, '0.00', 0, 'admin', 'admin', '', '', '', '', 0, '', 1, 0, 0, 0, ''),
('0598', 'b035d6563a2adac9f822940c145263ce', 0, 0, 0, 0, 0, '', '', '', '', '', '', '', '', '', '', '', '', 0, '2012-08-31 00:00:00', 3600, 27, '', 0, '2011-08-15', 2, '0.00', 0, 'admin', 'admin', '', '', '', '', 0, '', 1, 0, 0, 0, ''),
('1956', 'f04b8b59e703ac3889bf1ce4ca52db81', 0, 0, 0, 0, 0, '', '', '', '', '', '', '', '', '', '', '', '', 0, '2012-08-31 00:00:00', 3600, 27, '', 0, '2011-08-15', 2, '0.00', 0, 'admin', 'admin', '', '', '', '', 0, '', 1, 0, 0, 0, ''),
('0344', '838e8afb1ca34354ac209f53d90c3a43', 0, 0, 0, 0, 0, '', '', '', '', '', '', '', '', '', '', '', '', 0, '2012-08-31 00:00:00', 3600, 27, '', 0, '2011-08-15', 2, '0.00', 0, 'admin', 'admin', '', '', '', '', 0, '', 1, 0, 0, 0, ''),
('7006', '62a8d042a93d5f88fb6636cde700ce69', 0, 0, 0, 0, 0, '', '', '', '', '', '', '', '', '', '', '', '', 0, '2012-08-31 00:00:00', 3600, 27, '', 0, '2011-08-15', 2, '0.00', 0, 'admin', 'admin', '', '', '', '', 0, '', 1, 0, 0, 0, ''),
('0110', 'c2f18749b709bdb6fcd7b4c665f5e761', 0, 0, 0, 0, 0, '', '', '', '', '', '', '', '', '', '', '', '', 0, '2012-08-31 00:00:00', 3600, 27, '', 0, '2011-08-15', 2, '0.00', 0, 'admin', 'admin', '', '', '', '', 0, '', 1, 0, 0, 0, ''),
('4519', '0dbcf39d413231953d442f2f17f80cd5', 0, 0, 0, 0, 0, '', '', '', '', '', '', '', '', '', '', '', '', 0, '2012-08-31 00:00:00', 3600, 27, '', 0, '2011-08-15', 2, '0.00', 0, 'admin', 'admin', '', '', '', '', 0, '', 1, 0, 0, 0, ''),
('2333', 'e3bf28b1285c317068f56f7e4446d1a3', 0, 0, 0, 0, 0, '', '', '', '', '', '', '', '', '', '', '', '', 0, '2012-08-31 00:00:00', 3600, 27, '', 0, '2011-08-15', 2, '0.00', 0, 'admin', 'admin', '', '', '', '', 0, '', 1, 0, 0, 0, ''),
('0800', '6e3adb1ae0e02c934766182313b6775d', 0, 0, 0, 0, 0, '', '', '', '', '', '', '', '', '', '', '', '', 0, '2012-08-31 00:00:00', 3600, 27, '', 0, '2011-08-15', 2, '0.00', 0, 'admin', 'admin', '', '', '', '', 0, '', 1, 0, 0, 0, ''),
('6693', 'b50005606bad8a384dc8bfbe90b32432', 0, 0, 0, 0, 0, '', '', '', '', '', '', '', '', '', '', '', '', 0, '2012-08-31 00:00:00', 3600, 27, '', 0, '2011-08-15', 2, '0.00', 0, 'admin', 'admin', '', '', '', '', 0, '', 1, 0, 0, 0, ''),
('6431', 'a01f3ca6e3e4ece8e1a30696f52844bc', 0, 0, 0, 0, 0, '', '', '', '', '', '', '', '', '', '', '', '', 0, '2012-08-31 00:00:00', 3600, 27, '', 0, '2011-08-15', 2, '0.00', 0, 'admin', 'admin', '', '', '', '', 0, '', 1, 0, 0, 0, ''),
('2282', '8c5149362e6e7f7947fd2f578df6b575', 1, 0, 0, 0, 0, '', '', '', '', '', '', '', '', '', '', '', '', 0, '2012-08-31 00:00:00', 3600, 2, '', 0, '2011-08-15', 2, '0.00', 0, 'admin', 'admin', '', '', '', '', 0, '', 1, 0, 0, 0, ''),
('7838', '3a4496776767aaa99f9804d0905fe584', 0, 0, 0, 0, 0, '', '', '', '', '', '', '', '', '', '', '', '', 0, '2012-08-31 00:00:00', 3600, 27, '', 0, '2011-08-15', 2, '0.00', 0, 'admin', 'admin', '', '', '', '', 0, '', 1, 0, 0, 0, ''),
('8490', '118bd558033a1016fcc82560c65cca5f', 0, 0, 0, 0, 0, '', '', '', '', '', '', '', '', '', '', '', '', 0, '2012-08-31 00:00:00', 3600, 27, '', 0, '2011-08-15', 2, '0.00', 0, 'admin', 'admin', '', '', '', '', 0, '', 1, 0, 0, 0, ''),
('7630', '482b31eee22486b99cdbe0ab36e959fd', 0, 0, 0, 0, 0, '', '', '', '', '', '', '', '', '', '', '', '', 0, '2012-08-31 00:00:00', 3600, 27, '', 0, '2011-08-15', 2, '0.00', 0, 'admin', 'admin', '', '', '', '', 0, '', 1, 0, 0, 0, ''),
('9732', 'a4ab582234ddd121e3b6857229e7d274', 0, 0, 0, 0, 0, '', '', '', '', '', '', '', '', '', '', '', '', 0, '2012-08-31 00:00:00', 3600, 27, '', 0, '2011-08-15', 2, '0.00', 0, 'admin', 'admin', '', '', '', '', 0, '', 1, 0, 0, 0, ''),
('4391', '9ff1d1a7ff340e634b0a2653851bf8fa', 0, 0, 0, 0, 0, '', '', '', '', '', '', '', '', '', '', '', '', 0, '2012-08-31 00:00:00', 3600, 27, '', 0, '2011-08-15', 2, '0.00', 0, 'admin', 'admin', '', '', '', '', 0, '', 1, 0, 0, 0, ''),
('2470', '13d7dc096493e1f77fb4ccf3eaf79df1', 0, 0, 0, 0, 0, '', '', '', '', '', '', '', '', '', '', '', '', 0, '2012-08-31 00:00:00', 3600, 27, '', 0, '2011-08-15', 2, '0.00', 0, 'admin', 'admin', '', '', '', '', 0, '', 1, 0, 0, 0, ''),
('5079', '5a66b9200f29ac3fa0ae244cc2a51b39', 0, 0, 0, 0, 0, '', '', '', '', '', '', '', '', '', '', '', '', 0, '2012-08-31 00:00:00', 3600, 27, '', 0, '2011-08-15', 2, '0.00', 0, 'admin', 'admin', '', '', '', '', 0, '', 1, 0, 0, 0, ''),
('4400', 'd33f67c5652acb3fac99b9dc16bea0c1', 0, 0, 0, 0, 0, '', '', '', '', '', '', '', '', '', '', '', '', 0, '2012-08-31 00:00:00', 3600, 27, '', 0, '2011-08-15', 2, '0.00', 0, 'admin', 'admin', '', '', '', '', 0, '', 1, 0, 0, 0, ''),
('7863', '2a27b8144ac02f67687f76782a3b5d8f', 0, 0, 0, 0, 0, '', '', '', '', '', '', '', '', '', '', '', '', 0, '2012-08-31 00:00:00', 3600, 27, '', 0, '2011-08-15', 2, '0.00', 0, 'admin', 'admin', '', '', '', '', 0, '', 1, 0, 0, 0, ''),
('6072', 'b8102d1fa5df93e62cf26cd4400a0727', 0, 0, 0, 0, 0, '', '', '', '', '', '', '', '', '', '', '', '', 0, '2012-08-31 00:00:00', 3600, 27, '', 0, '2011-08-15', 2, '0.00', 0, 'admin', 'admin', '', '', '', '', 0, '', 1, 0, 0, 0, ''),
('0001', 'b9009beb804fa097c04d226a8ba5102e', 0, 0, 0, 0, 0, '', '', '', '', '', '', '', '', '', '', '', '', 0, '2012-08-31 00:00:00', 3600, 27, '', 0, '2011-08-15', 2, '0.00', 0, 'admin', 'admin', '', '', '', '', 0, '', 1, 0, 0, 0, ''),
('2636', 'b2ea5e977c5fc1ccfa74171a9723dd61', 0, 0, 0, 0, 0, '', '', '', '', '', '', '', '', '', '', '', '', 0, '2012-08-31 00:00:00', 3600, 27, '', 0, '2011-08-15', 2, '0.00', 0, 'admin', 'admin', '', '', '', '', 0, '', 1, 0, 0, 0, ''),
('6360', 'fdf1bc5669e8ff5ba45d02fded729feb', 0, 0, 0, 0, 0, '', '', '', '', '', '', '', '', '', '', '', '', 0, '2012-08-31 00:00:00', 3600, 27, '', 0, '2011-08-15', 2, '0.00', 0, 'admin', 'admin', '', '', '', '', 0, '', 1, 0, 0, 0, ''),
('5455', '285a25c17f351708754cdb6d56f3962e', 2, 1, 0, 0, 0, '', '', '', '', '', '', '', '', '', '', '', '', 0, '2012-08-31 00:00:00', 3600, 29, '', 0, '2011-08-15', 2, '0.00', 0, 'admin', 'admin', '', '', '', '', 0, '', 1, 0, 0, 0, ''),
('4676', '4f00921114932db3f8662a41b44ee68f', 2, 1, 0, 0, 0, '', '', '', '', '', '', '', '', '', '', '', '', 0, '2012-08-31 00:00:00', 3600, 29, '', 0, '2011-08-15', 2, '0.00', 0, 'admin', 'admin', '', '', '', '', 0, '', 1, 0, 0, 0, ''),
('4820', '6cf821bc98b2d343170185bb3de84cc4', 2, 1, 0, 0, 0, '', '', '', '', '', '', '', '', '', '', '', '', 0, '2011-08-27 00:00:00', 0, 13, '', 0, '2011-08-23', 2, '0.00', 0, 'admin', 'admin', '', '', '', '', 0, '', 1, 0, 0, 0, ''),
('1631', '30c8e1ca872524fbf7ea5c519ca397ee', 0, 1, 0, 0, 0, '', '', '', '', '', '', '', '', '', '', '', '', 0, '2011-08-27 00:00:00', 0, 23, '', 0, '2011-08-23', 2, '0.00', 0, 'admin', 'admin', '', '', '', '', 0, '', 1, 0, 0, 0, '');

-- --------------------------------------------------------

--
-- Table structure for table `system_marketiers`
--

CREATE TABLE IF NOT EXISTS `system_marketiers` (
  `data_id` int(11) NOT NULL AUTO_INCREMENT,
  `marketier_id` int(4) NOT NULL,
  `hotel_id` int(4) NOT NULL,
  PRIMARY KEY (`data_id`)
) ENGINE=MyISAM DEFAULT CHARSET=latin1 AUTO_INCREMENT=1 ;

-- --------------------------------------------------------

--
-- Table structure for table `system_users`
--

CREATE TABLE IF NOT EXISTS `system_users` (
  `user_id` int(11) NOT NULL AUTO_INCREMENT,
  `group_id` varchar(2) NOT NULL,
  `name` varchar(100) NOT NULL,
  `email_address` varchar(100) NOT NULL,
  `password` varchar(100) NOT NULL,
  `custermer_id` int(4) NOT NULL,
  `status` int(1) NOT NULL DEFAULT '1',
  PRIMARY KEY (`user_id`)
) ENGINE=MyISAM  DEFAULT CHARSET=latin1 AUTO_INCREMENT=76 ;

--
-- Dumping data for table `system_users`
--

INSERT INTO `system_users` (`user_id`, `group_id`, `name`, `email_address`, `password`, `custermer_id`, `status`) VALUES
(16, '4', 'Viran Fernando', 'fviran@gmail.com', '7e46133fc6b3758e4ec4ae97cca69f39', 0, 1),
(60, '4', 'Fawas', 'hassanm@lankacom.net', 'de134677fe3c31e6c2ba854aeae0fa76', 0, 1),
(62, '1', 'Billing', 'bill@lankacom.net', '101f4a1b6eac6f0d34274f41c2079bde', 0, 1),
(63, '1', 'NMC', 'nmc@lankacom.net', 'bcb430ed5bfdd9eae0d03258bb92a2d5', 0, 1),
(72, '4', 'Tharindu Hettiarachchi', 'tharinduh@lankacom.net', '202cb962ac59075b964b07152d234b70', 0, 1),
(75, '5', 'test', 'tharindu@lankacom.net', '098f6bcd4621d373cade4e832627b4f6', 0, 1);

/*!40101 SET CHARACTER_SET_CLIENT=@OLD_CHARACTER_SET_CLIENT */;
/*!40101 SET CHARACTER_SET_RESULTS=@OLD_CHARACTER_SET_RESULTS */;
/*!40101 SET COLLATION_CONNECTION=@OLD_COLLATION_CONNECTION */;
